,id,channel_id,title,views
0,xL0ch83RAK8,UC8ROUUjHzEQm-ndb69CX8Ww,å°è¦–æ–°èå°HD 24 å°æ™‚ç·šä¸Šç›´æ’­ï½œTAIWAN TTV NEWS HD (Live)ï½œå°æ¹¾ã®TTV ãƒ‹ãƒ¥ãƒ¼ã‚¹HD (ç”Ÿæ”¾é€)ï½œëŒ€ë§Œ ë‰´ìŠ¤ ë¼ì´ë¸Œ,106950818
0,JOlc_ksXncM,UCY64_tffZ71RniyKDj5bWRA,Crispy French Fries Recipe! You Can Make PERFECT Crispy French Fries at Home! ğŸŸ,1340138
0,doqBgKIBBh8,UCUaLy1_4rsLo4HyCLCPlD4g,ğŸ”´ LIVE WEBCAM from LANZAROTE AIRPORT,18880210
0,PM4JQE-35O4,UCDfYcuNw-ff952Xn0VDWwDw,SO WE GOT BANDICOOT-NAPPED... || Crash Bandicoot 4 Part 3,90917
0,gBifepJRAXU,UCDfYcuNw-ff952Xn0VDWwDw,N.GIN HAS MADE HIS OWN ANIMATRONIC? || Crash Bandicoot 4 Part 2,101879
0,XAlyTBHbhZE,UC69X4bHc6g3Lppr88AeJLfw,I SHOULD NOT HAVE DONE THAT!!! BIG LESSON LEARNED!!!,93711
0,9UVuI7wG254,UC7Lu-ONZhIM_lvKnZn0F19Q,CANLI YAYINDA GÃ–RMEDÄ°M DUYMADIM BÄ°LMÄ°YORUM!,288074
0,8KGXSjtS5pk,UCMpn1qLudF-zb4M4bqxLIbw,ğŸ”´Live Webcam around the World - Live Camera - CÃ¡maras en vivo - Rolling Cam World,4838120
0,6x8eWBN7EsY,UCVryAb6wDVmvtBooYh9JIMQ,24. SlÃ¡vnostnÃ© Otvorenie AkademickÃ©ho Roka,199
0,AOId55tGEaM,UCX51Dixddr5HuwLVBH9ykeQ,24/7 GHOST &amp; HORROR Stories To Fuel Your Nightmares | Paranormal Livestream ğŸ‘» ğŸƒğŸ§¹,329565
0,fyhrv5SImuU,UCQrWS87-KWTTEpEl7sp_KjA,La saga KINGDOM HEARTS en SWITCH... Â¿es IMPOSIBLE? Entrevista + NUEVA INFO de MELODY OF MEMORY,12066
0,iaiQGJqZ6Y8,UCgRBRE1DUP2w7HTH9j_L4OQ,Will COVID Give You Heart Disease?,107751
0,cXz-CTH9Gu8,UCqznv6zaRt1HEbUboOrP7Pw,ÙŠÙˆØ³Ù Ø§Ù„Ø´Ù‡Ø±ÙŠ - ÙŠØ§Ø±ÙˆØ­ÙŠ (Ø­ØµØ±ÙŠØ§Ù‹) | 2020,8168862
0,MiPxp5YfL4M,UCUFDKjWgMvIVwGQj3j_L6zg,Valorant Champions Tour NA - HIGHLIGHTS 2022,1262
0,pNCDvRtcRbU,UCkxFZwLvO2jZ3C7qVOv7epQ,VITA PRIVATA E APPROCCI MASCHILI...,80369
0,waAHZdtdFRo,UCbYDXfPfvbi2sWUEdjzLIOA,LEZZETLÄ° YÄ°YECEK VE MUTFAK Ä°PUÃ‡LARI || 123 Go Like! &#39;ten Mutfak TÃ¼yolarÄ±,282414
0,rD80SJxTRKQ,UCn570qcYPpXz045Oeg0yQGQ,C.R.O - POESÃA DE LA OSCURIDAD,11989395
0,36YnV9STBqc,UChs0pSaEoNLV4mevBFGaoKA,"The Good Life RadioÂ â€¢Â 24/7 Live Radio | Best Relax House, Chillout, Study, Running, Gym, Happy Music",122501059
0,HnMuuWxyZM4,UC7k4od5KeSGszZSN7cxoxwA,Cheapest DIY UV Curing Bucket Chamber for 15â‚¬ for 3D Resin Printer,9817
0,xpelH-Esn_o,UCmmPkmvGMxgN7iH0zJF0ojQ,Nuovo team,13
0,13ASzZxCuY0,UC-jtG7HO5DnPv2M5zvgxplg,How to make leather mask with FREE PDF PATTERN,502611
0,48MFrf5ADp8,UCiGOIXjFqy5_mUNxQNOMfHw,Africam Tembe Elephant Park powered by EXPLORE.org,12631871
0,vGOPzrphVF4,UC9Z3ZrgSyFA75VQ5HpqSbtA,SALAGA THEME COVER SONG -From Team YENNE YETU | &quot;SALAGA&quot; Movie | Duniya Vijay | Sanjana Anand,28379
0,6NOO4j_5AiI,UCDfYcuNw-ff952Xn0VDWwDw,A BRAND NEW ANIMATRONIC IS COMING FOR FNAF 2020!!! NEW TEASER,253033
0,5zcG8VniyvA,UCst9GLZ-X47MxWBmx9cCrKA,ST PADDY&#39;S DAY PLAYER PICKS! (Packed Out #117) (FIFA 20 Ultimate Team),218099
0,5N4oo3jtpVg,UC53flicePn0xri-jiq89WtQ,Easy Cake Recipes ğŸ« ğŸ« ğŸ« Yummy Cake Tutorials | 10+ Quick and Easy Cake Decorating Ideas,1236511
0,7NOSDKb0HlU,UCOxqgCwgOqC2lMqC5PYz_Dg,lofi hip hop radio - beats to study/relax to ğŸ¾,29630488
0,5yx6BWlEVcY,UCOxqgCwgOqC2lMqC5PYz_Dg,Chillhop Radio - jazzy &amp; lofi hip hop beats ğŸ¾,41288324
0,0GjkjgKLKUM,UCQrWS87-KWTTEpEl7sp_KjA,ESTE JUEGO es una OBRA MAESTRA | Review/CrÃ­tica de ORI AND THE WILL OF THE WISPS,9821
0,nMZ1_2Y83SE,UCDfYcuNw-ff952Xn0VDWwDw,PLAYING AS NIGHTMARE BONNIE... TIME FOR TERROR! || Five Nights at Freddy&#39;s Simulator,158460
0,00kBM0-Hf6s,UCQrWS87-KWTTEpEl7sp_KjA,"Â¡MENUDA PASADA! ğŸ˜ | TRIALS OF MANA: Demo Completa en ESPAÃ‘OL con Duran, Lis y Charlotte",11730
0,x5Q6ZRgtuIw,UCskIKQGpjI5sG2ZLtWLYSmw,ë¯¸ìŠ¤í„°íŠ¸ë¡¯ ì˜íƒ ê³¡ëª¨ìŒ â­12ê³¡ ì—°ì†ë“£ê¸°â­,6673904
0,9jEcSYzd6vY,UCgaiUkHAOhG6ynlboA8YAaA,Spies in Disguise (2019) Final Battle with healthbars 1/2,1088682
0,gMh7hXWIEtE,UCjt5cKWZQrc0KnvIjquEdGg,&quot;Pra frente Brasil&quot; - MÃºsica tema da seleÃ§Ã£o brasileira - Copa do Mundo 1970,35921
0,2GMOJpkUeD4,UCst9GLZ-X47MxWBmx9cCrKA,MY BEST PACK SO FAR! (FIFA 22 Packed Out #5),386469
0,mbNu_sItbHY,UCBn559xd7uPSFq4l4ODg-UA,TAKASHIMAYA UYGULAMASI GÃœVENÄ°LÄ°R MÄ°? Para KazandÄ±ran Mobil Uygulamalar ğŸ’¥,35629
0,p9jfNCmbZoI,UCBIe28uoEnt_LEdNFbWankA,"24/7 - lofi sleep, lofi rainğŸ’¤ beats to relax at night - music for insomnia, anxiety, peaceful dreams",102913
0,AA5B_IUJ8RA,UCgaiUkHAOhG6ynlboA8YAaA,The Mitchells vs. the Machines (2021) Final Battle with healthbars 1/2,396174
0,GloXbcMyxHs,UC4bcrYrEInyNcnyTvZLx0bA,Tennis | ATP Pro Player vs me ( UTR 11 junior ),83504
0,XNZQTU0OHjE,UC-CT7fkH-Sv8TNUpgox_eDA,Ø§Ø²Ø§ÙŠ ØªÙ†Ø¸Ù…ÙŠ ÙˆÙ‚ØªÙƒ Ù…Ù† Ø§Ù„ÙØ¬Ø±ÙŠÙ‡ Ø¨Ø®Ø·ÙˆØªÙŠÙ† Ù„Ùˆ Ø¹Ù…Ù„ØªÙŠÙ‡Ù… Ù‡ØªØ±ØªØ§Ø­ÙŠ Ø·ÙˆÙ„ Ø§Ù„ÙŠÙˆÙ… Ùˆ ØªØ­Ø§ÙØ¸ÙŠ Ø¹Ù„Ù‰ Ø¨ÙŠØªÙƒ ÙˆØµÙ„Ø§ØªÙƒ,69195
0,HnfpTMtfFk8,UC5BMQOsAB8hKUyHu9KI6yig,KBS KOREA On-Air,10134347
0,1kskyNqVI48,UC9lRSat3J2IhZ0_TOV-XNzA,Making New World Terrain in Fortnite!,68283
0,Xmm3Kr5P1Uw,UCttspZesZIDEwwpVIgoZtWQ,IndiaTV LIVE: India TV Chunav Manch LIVE | Satendra Jain Video | Gujarat Election | Constitution Day,474177512
0,1ScfqaCp2Ho,UCtPzSUuFFHQZr-Cv7YRr2Fg,What is human development index,41252
0,CwnlNQSHBfc,UCOIkT9bq-1N2BvrsBjhNlag,"Ft. Madison, Iowa USA  | Virtual Railfan LIVE",11295707
0,jpb5wpqCyCE,UCLXOp5c5gaIoOt9onZy75GQ,ĞšÑ€Ğ°Ñ‚Ğ¾ÑĞ° Ğ¿Ñ‹Ñ‚Ğ°Ğ»Ğ¸!,1231544
0,CwRvM2TfYbs,UC6jH5GNi0iOR17opA1Vowhw,"ĞĞµĞ¶Ğ½Ğ°Ñ Ğ»ĞµÑ‡ĞµĞ±Ğ½Ğ°Ñ Ğ¼ÑƒĞ·Ñ‹ĞºĞ° Ğ·Ğ´Ğ¾Ñ€Ğ¾Ğ²ÑŒÑ Ğ¸ Ğ´Ğ»Ñ ÑƒÑĞ¿Ğ¾ĞºĞ¾ĞµĞ½Ğ¸Ñ Ğ½ĞµÑ€Ğ²Ğ½Ğ¾Ğ¹ ÑĞ¸ÑÑ‚ĞµĞ¼Ñ‹, Ğ³Ğ»ÑƒĞ±Ğ¾ĞºĞ¾Ğ³Ğ¾ Ñ€ĞµĞ»Ğ°ĞºÑĞ° ! Ğ¡ĞºĞ°Ğ¶Ğ¸ Ğ–Ğ¸Ğ·Ğ½Ğ¸ Ğ”Ğ°",14258867
0,r7ai-klv4lU,UCVryAb6wDVmvtBooYh9JIMQ,SlÃ¡vnostnÃ© otvorenie 25. akademickÃ©ho roka,95
0,TCnaIE_SAtM,UCmH4q-YjeazayYCVHHkGAMA,ä¸­è¦–æ–°èLIVEç›´æ’­é »é“24å°æ™‚ç·šä¸Šç›´æ’­ï½œTaiwan CTV news HD 24h live news |å°æ¹¾ã®CTV ãƒ‹ãƒ¥ãƒ¼ã‚¹HD ëŒ€ë§Œ 24ì‹œê°„ ë‰´ìŠ¤ì±„ë„  | (ç”Ÿæ”¾é€),38569393
0,tShwVXs7huU,UCX33k1S7WbWAzl9fBDM3UfA,"à¤ªà¥‚à¤°à¥à¤µà¥€ à¤¦à¤¿à¤²à¥à¤²à¥€ à¤¨à¤—à¤° à¤¨à¤¿à¤—à¤® à¤•à¥‡ 64 à¤µà¤¾à¤°à¥à¤¡à¥‹à¤‚ à¤•à¥€ à¤¸à¥à¤Ÿà¥à¤°à¥€à¤Ÿ à¤²à¤¾à¤ˆà¤Ÿ, à¤¹à¤¾à¤ˆ à¤®à¤¾à¤¸à¥à¤• à¤²à¤¾à¤ˆà¤Ÿ à¤¯à¤¹à¤¾à¤‚ à¤¸à¥‡ à¤¹à¥‹à¤¤à¥€ à¤¹à¥ˆ à¤•à¤‚à¤Ÿà¥à¤°à¥‹à¤²à¥¤",151
0,Kzx7la2j_XY,UCCqZh_ml6xF3DaSlyGU_aDw,Parafia Chrystusa Jedynego Zbawiciela w SwarzÄ™dzu â€“ transmisja na Å¼ywo,752
0,sC2oufyWWis,UCyvr38mzrRPsclvPbT9_iog,Good Shepherd Household Relief Loans,431954
0,0-RirLdUYEE,UCPde4guD9yFBRzkxk2PatoA,ğŸ”´ 24/7 K-POP LIVE STREAMING  on ALL THE K-POP,7032222
0,DJeHGoKUtPQ,UCn570qcYPpXz045Oeg0yQGQ,"C.R.O, Duki, Chucky 73, We$t Dubai, Moonkey - LAMBO Remix (Official Video)",10733980
0,9GPMcqWhgKA,UCbn5eHDjwmPC2K9RG8P0i_A,ã€ŒLIVECAMERAã€ã€€è‰æ´¥æ¸©æ³‰ã€Œæ¹¯ç•‘ã€æ¹¯æ»å‰,5946653
0,tcRvI1rSokk,UCUVWoy_rGPdZeUp7jjRHOaQ,æ—¥æœ¬å…¨å›½ ç·Šæ€¥åœ°éœ‡é€Ÿå ±ãƒ©ã‚¤ãƒ– The Real-time Earthquake Alert Channel for Japan (Tokyo),41976479
0,MVz4OxTVH78,UCQ34-Umqv6w91m99Qn-Qrug,This Chinese Anime is Insane,29720
0,-Dg7AxrP0_o,UC3zwjSYv4k5HKGXCHMpjVRg,"Epic Music Radio 24/7 | epic battle music, powerful music, emotional music | beats to game/relax...",40712
0,mnnRzVIaG_s,UCgaiUkHAOhG6ynlboA8YAaA,America: The Motion Picture (2021) Opening Scene with healthbars,20642
0,fG55WVRUOgc,UCqMoojAkOMdtpTBenPVhzRg,[Vietsub]ğŸ‰ChuyÃªn má»¥c Äƒn Ä‘Ãªm #1| Khi nhÃ  bÃ¡n táº¡p hÃ³a lÃ  tráº£i nghiá»‡m gÃ¬ ğŸ˜‹,1342338
0,YGEgelAiUf0,UCwXrBBZnIh2ER4lal6WbAHw,Mathrubhumi News Live | Malayalam News Live |  à´®à´¾à´¤àµƒà´­àµ‚à´®à´¿ à´¨àµà´¯àµ‚à´¸àµ à´²àµˆà´µàµ,112295649
0,d-dpxzoYJ4A,UCp0urejlDaYz4G8xpTxdIvw,ğŸ”´ PEARL TV | Live in 4K UHD,2307751
0,wrYF0HX7Kzc,UCcHWhgSsMBemnyLhg6GL1vA,ç¶²è·¯æµè¡ŒéŸ³æ¨‚é›»å° | Chinese POP Musicâ¨24/7,5648924
0,1vekn9o8XYM,UCdKdmvjGSkT5CJlZGamPaYQ,"TIK TOKERS RELIGIOSOS, PARA QUE TA FEIO!!!! ğŸ™„ğŸ™„ | KlÃ©bio Damas",289504
0,n3a92qpA97A,UC-pY4F9AcDkc9iIwNdz9ssw,Jadid Ahidouss MELLAB : GROUPE Assagm _ Tarwa N Idurar _ Groupe Tarula &quot; #DONIYTE&quot;Ø§Ø­ÙŠØ¯ÙˆØ³ Ù…Ù„Ø¹Ø¨,7084
0,PWHHAlc6KXM,UCqznv6zaRt1HEbUboOrP7Pw,ÙŠÙˆØ³Ù Ø§Ù„Ø´Ù‡Ø±ÙŠ - ØªÙ…Ù„ÙƒØªÙ†ÙŠ (Ø­ØµØ±ÙŠØ§Ù‹) | 2021,624169
0,tnSXe73kI3o,UC8YFOP87ktce_6EqAmtzOqQ,Do you Still Use One Time Cable Tile ?,28829
0,pJRhw62VBh8,UCX33k1S7WbWAzl9fBDM3UfA,75à¤µà¥€à¤‚ à¤µà¤°à¥à¤·à¤—à¤¾à¤‚à¤  à¤¬à¤¡à¤¼à¥€ à¤§à¥‚à¤®à¤§à¤¾à¤® à¤¸à¥‡ à¤†à¤ª à¤¨à¥‡à¤¤à¤¾à¤“à¤‚ à¤¨à¥‡ à¤§à¥à¤µà¤œà¤¾à¤°à¥‹à¤¹à¤£ à¤ªà¤‚à¤¡à¤¿à¤¤ à¤¸à¤¤à¥à¤¯à¤¨à¤¾à¤°à¤¾à¤¯à¤£ à¤­à¤µà¤¨ à¤ªà¤° à¤•à¤¿à¤¯à¤¾ à¤—à¤¯à¤¾à¥¤,136
0,j7c2YHxNZUs,UCst9GLZ-X47MxWBmx9cCrKA,SIDEMEN &amp; AITCH PLAY BACK 4 BLOOD (Back 4 Blood Open Beta),68583
0,Ys9cYpPhyFE,UCMV-ojm4W9KVRGt_ihZIBIw,Vlad &amp; Niki Playset TVC,555638
0,-Z4W0iltQ5U,UCkN99tb9rDWsS3c5mKwWsJw,LeÅ›ny ZakÄ…tek dla ptakÃ³w i dzikiej zwierzyny - kamera na Å¼ywo,3670128
0,Uxxi-rkGnHE,UCst9GLZ-X47MxWBmx9cCrKA,We Kidnapped An Alien For A Store Robbery In GTA 5 RP!,142322
0,7H-6gBSAu4o,UCza48nR27_AEYbIbwMCOoFQ,Leavenworth Washington Live Webcam from Rhein Haus,1959854
0,Fgm9UAzdzQY,UCqSYig9Cmx6DJ3XaUYg4vpw,Global Prayer Stream | Live 24/7 Worship with Prayer | IHOPKC,5951789
0,2jDOcRH9PJ4,UC8YFOP87ktce_6EqAmtzOqQ,Heavy Expansion Bolt Set Demo,450543
0,mhJRzQsLZGg,UCSUu1lih2RifWkKtDOJdsBA,Starbase Live: 24/7 Starship &amp; Super Heavy Development From SpaceX&#39;s Boca Chica Facility,34941740
0,4NWcTGkIgb0,UC8YFOP87ktce_6EqAmtzOqQ,How to Fix a Broken Water Hose Pipe 2021,39672681
0,VL1_qJflRso,UCskIKQGpjI5sG2ZLtWLYSmw,"[4K ì„¸ë¡œì§ìº ] ì„œìª½í•˜ëŠ˜ (ì˜íƒ, ê¹€í¬ì¬, ì •ë™ì›, ì„±ì‹œê²½) ğŸ’™ì‚¬ë‘ì˜ ì½œì„¼íƒ€ 62í™”ğŸ’™ë¬´í¸ì§‘ ì´ˆê³ í™”ì§ˆ ì„¸ë¡œì§ìº ",24586
0,nyCssjtf7mk,UCTUO_3bYr50vmH0aE7byMjg,"4 mistakes you make, but pros don&#39;t (anymore)",430025
0,2C2WCLhDsR4,UC38IlqMxZ_YtFg3eSGmmJnQ,[LIVE] YTN 24ì‹œê°„ ë‰´ìŠ¤ ìƒë°©ì†¡ï½œ YTN dmb,9653196
0,kgx4WGK0oNU,UC84whx2xxsiA1gXHXXqKGOA,jazz/lofi hip hop radioğŸŒ±chill beats to relax/study to [LIVE 24/7],15253350
0,X-WqZmq6YKQ,UClH3eUwzfDTXxUjM8WIJuOg,"sunny days in london | hanging w/ friends, reading, back at home ğŸŒ",102689
0,z0E9tDeToyc,UC18P2jZqlz90I7I69ifQhzQ,Como fazer joias em resina sem nenhuma prÃ¡tica - FaÃ§a e venda hoje,13968
0,gMh7hXWIEtE,UCjt5cKWZQrc0KnvIjquEdGg,&quot;Pra frente Brasil&quot; - MÃºsica tema da seleÃ§Ã£o brasileira - Copa do Mundo 1970,35929
0,p9jfNCmbZoI,UCBIe28uoEnt_LEdNFbWankA,"24/7 - lofi sleep, lofi rainğŸ’¤ beats to relax at night - music for insomnia, anxiety, peaceful dreams",102913
0,AA5B_IUJ8RA,UCgaiUkHAOhG6ynlboA8YAaA,The Mitchells vs. the Machines (2021) Final Battle with healthbars 1/2,396174
0,GloXbcMyxHs,UC4bcrYrEInyNcnyTvZLx0bA,Tennis | ATP Pro Player vs me ( UTR 11 junior ),83504
0,XNZQTU0OHjE,UC-CT7fkH-Sv8TNUpgox_eDA,Ø§Ø²Ø§ÙŠ ØªÙ†Ø¸Ù…ÙŠ ÙˆÙ‚ØªÙƒ Ù…Ù† Ø§Ù„ÙØ¬Ø±ÙŠÙ‡ Ø¨Ø®Ø·ÙˆØªÙŠÙ† Ù„Ùˆ Ø¹Ù…Ù„ØªÙŠÙ‡Ù… Ù‡ØªØ±ØªØ§Ø­ÙŠ Ø·ÙˆÙ„ Ø§Ù„ÙŠÙˆÙ… Ùˆ ØªØ­Ø§ÙØ¸ÙŠ Ø¹Ù„Ù‰ Ø¨ÙŠØªÙƒ ÙˆØµÙ„Ø§ØªÙƒ,69195
0,HnfpTMtfFk8,UC5BMQOsAB8hKUyHu9KI6yig,KBS KOREA On-Air,10134347
0,1ScfqaCp2Ho,UCtPzSUuFFHQZr-Cv7YRr2Fg,What is human development index,41252
0,CwnlNQSHBfc,UCOIkT9bq-1N2BvrsBjhNlag,"Ft. Madison, Iowa USA  | Virtual Railfan LIVE",11295769
0,86YLFOog4GM,UCakgsb0w7QB0VHdnCc-OVEA,ğŸŒ Nasa Live Stream  - Earth From Space :  Live Views from the ISS,60672165
0,r7ai-klv4lU,UCVryAb6wDVmvtBooYh9JIMQ,SlÃ¡vnostnÃ© otvorenie 25. akademickÃ©ho roka,95
0,TCnaIE_SAtM,UCmH4q-YjeazayYCVHHkGAMA,ä¸­è¦–æ–°èLIVEç›´æ’­é »é“24å°æ™‚ç·šä¸Šç›´æ’­ï½œTaiwan CTV news HD 24h live news |å°æ¹¾ã®CTV ãƒ‹ãƒ¥ãƒ¼ã‚¹HD ëŒ€ë§Œ 24ì‹œê°„ ë‰´ìŠ¤ì±„ë„  | (ç”Ÿæ”¾é€),38569393
0,UiE7ScaGIZ4,UC8YFOP87ktce_6EqAmtzOqQ,How to Easily Repair Tire Patch 2021,7460568
0,0-RirLdUYEE,UCPde4guD9yFBRzkxk2PatoA,ğŸ”´ 24/7 K-POP LIVE STREAMING  on ALL THE K-POP,7032222
0,DJeHGoKUtPQ,UCn570qcYPpXz045Oeg0yQGQ,"C.R.O, Duki, Chucky 73, We$t Dubai, Moonkey - LAMBO Remix (Official Video)",10733980
0,9GPMcqWhgKA,UCbn5eHDjwmPC2K9RG8P0i_A,ã€ŒLIVECAMERAã€ã€€è‰æ´¥æ¸©æ³‰ã€Œæ¹¯ç•‘ã€æ¹¯æ»å‰,5946653
0,v6b5YS68he8,UC9lRSat3J2IhZ0_TOV-XNzA,What&#39;s Coming to Fortnite Creative in Season 8!,140405
0,49Nlf_ArDDI,UC18P2jZqlz90I7I69ifQhzQ,Nenhuma resina da bolha -  semana da resina #3,1029
0,tcRvI1rSokk,UCUVWoy_rGPdZeUp7jjRHOaQ,æ—¥æœ¬å…¨å›½ ç·Šæ€¥åœ°éœ‡é€Ÿå ±ãƒ©ã‚¤ãƒ– The Real-time Earthquake Alert Channel for Japan (Tokyo),41976479
0,-Dg7AxrP0_o,UC3zwjSYv4k5HKGXCHMpjVRg,"Epic Music Radio 24/7 | epic battle music, powerful music, emotional music | beats to game/relax...",40712
0,fG55WVRUOgc,UCqMoojAkOMdtpTBenPVhzRg,[Vietsub]ğŸ‰ChuyÃªn má»¥c Äƒn Ä‘Ãªm #1| Khi nhÃ  bÃ¡n táº¡p hÃ³a lÃ  tráº£i nghiá»‡m gÃ¬ ğŸ˜‹,1342338
0,YIv9BPDXNF8,UCMV-ojm4W9KVRGt_ihZIBIw,Tamagotchi Pix- 1 click and the fun begins!,243166
0,n3a92qpA97A,UC-pY4F9AcDkc9iIwNdz9ssw,Jadid Ahidouss MELLAB : GROUPE Assagm _ Tarwa N Idurar _ Groupe Tarula &quot; #DONIYTE&quot;Ø§Ø­ÙŠØ¯ÙˆØ³ Ù…Ù„Ø¹Ø¨,7084
0,PWHHAlc6KXM,UCqznv6zaRt1HEbUboOrP7Pw,ÙŠÙˆØ³Ù Ø§Ù„Ø´Ù‡Ø±ÙŠ - ØªÙ…Ù„ÙƒØªÙ†ÙŠ (Ø­ØµØ±ÙŠØ§Ù‹) | 2021,624169
0,Z-Nwo-ypKtM,UCO6K_kkdP-lnSCiO3tPx7WA,"franceinfo - DIRECT TV - actualitÃ© france et monde, interviews, documentaires et analyses",40417535
0,kfIQBC0hrII,UCmluFv8LmQmKpmq0wyCAVgA,ã€LIVE &amp; BGMâ™ªã€‘ã„ã¾ã®æœ­å¹Œï¼ã•ã£ã½ã‚å‰µä¸–ã‚¹ã‚¯ã‚¨ã‚¢ã€€åŒ—æµ·é“ï½ï½å¤©æ°—ã‚«ãƒ¡ãƒ©ã€€ãƒ©ã‚¤ãƒ–ã‚«ãƒ¡ãƒ©ã€€LIVEã€€streamingã€€SAPPORO-cityã€€å¤§é€šå…¬åœ’ã€€ã•ã£ã½ã‚ãƒ†ãƒ¬ãƒ“å¡”,2776914
0,eSGbQIPLzaI,UCst9GLZ-X47MxWBmx9cCrKA,ZOMBIE KEEPY UPS | ZOMBIE ARMY TRILOGY,121490
0,DZHJhNTQK7E,UCqheS9rd4_nojHk3H-FR2XQ,Destiny: Amazing Top 5 Warlock Novabomb Kills Of The Week - Episode 97,147281
0,Q4_oFHzEVxs,UCsTuCACMXCDZ5J1ZXwUwbiw,How to draw ShinChan step by step | Pencil sketch Shin-Chan Nohara yo yo,3919197
0,m68VZ1lDM-s,UCst9GLZ-X47MxWBmx9cCrKA,I Got 3 KILLS in 20 SECONDS with a COMBAT AXE - Blackout Beta (Call of Duty: Black Ops 4),84386
0,uW1CiaQkirc,UCst9GLZ-X47MxWBmx9cCrKA,TRIALS RISING IS FINALLY HERE! (Trials Rising),121074
0,iKsaJXvd2Ew,UC_n-0Havhwoua2vyPx0hmAQ,Ù…Ø³Ù„Ø³Ù„ Ù…Ø§Ø´ÙŠ ÙƒÙ…Ø§ Ø´ÙŠ | Ø§Ù„Ø­Ù„Ù‚Ø© 24,3343
0,7cftw8SGsIE,UCjVqBeWn9hH8p3O4P6uNJ3A,"Zoshi&#39;s Skyrim Adventures | Helping Esbern and Meeting Characters | #01 | 1440p60 | RPG, Fantasy",22
0,MN8p-Vrn6G0,UC9CYT9gSNLevX5ey2_6CK0Q,NDTV India Live TV: Arvind Kejriwal | BJP | Gujarat Election 2022 | Delhi MCD Election,454691390
0,NnPe94TVzpg,UCkNqFmipBP-6HXp4PtJpTyA,Parafia PierÅ›ciec â€“ transmisja na Å¼ywo,1204
0,V911_7yziDM,UCAn7BPS_bQvAsE7y-SkDm7Q,Youtube Broadcast,10
0,Uq5MCXgw3_Y,UCXptamDYEVcU4JCio30hYTw,Peppa Pig FranÃ§ais LIVE 2021 ğŸ”´ Ã‰pisodes Complets - Dessin AnimÃ© Pour BÃ©bÃ© 24/7,17037883
0,Sv9hcJ3k5h4,UCwzJctz6m-0wG_evkheecZA,ã€4Kã€‘å¯Œå£«å±±ãƒ©ã‚¤ãƒ–ã‚«ãƒ¡ãƒ© / 4K Live Camera Mt.FUJIã€€ï½æ²³å£æ¹–ï½å¯Œå£«å±±ãƒ‘ãƒãƒ©ãƒãƒ­ãƒ¼ãƒ—ã‚¦ã‚§ã‚¤,5170578
0,XAIqh0x4hpM,UCst9GLZ-X47MxWBmx9cCrKA,The Best Link To Mbappe! (Packed Out #34) (FIFA 21 Ultimate Team),239821
0,nPsi6a-zYhs,UCxC9MfDAmBZ9VKORic6JK0A,Upcoming DC Animated Films In 2021,331747
0,nqUZgqjRhnA,UCst9GLZ-X47MxWBmx9cCrKA,I Broke Cold War Zombies...,115157
0,TmtVbezZaqg,UCza48nR27_AEYbIbwMCOoFQ,Leavenworth Washington Live Webcam from Kris Kringl!,6023771
0,6Irus3d5f0E,UCqY3gnYuuzONai4jUhnCv6g,NON STOP TECHNO RAVE RADIO 24/7 MIX,18475297
0,b6R9-7KZ8YM,UC25EuGAePOPvPrUA5cmu3dQ,Africanews franÃ§ais en direct - Info et actualitÃ©s en continu,2709634
0,1gNo51eEQnE,UCy_HunYzxAz77hyW_f3GGrA,JESTEÅšMY NA Å»YWO Z WOJANEM W MINECRAFT! *PRZECENY NA PALION STYLE*,81669
0,NQ0vd_NK3f4,UCCC5RYqXkm2l1WgPWPaiyXQ,Transmisja 24h ze ÅšwiÄ…tyni OpatrznoÅ›ci BoÅ¼ej,3419384
0,LwihxyJ4V20,UC1HDQ1Q5nVHYF8e7dL4E-pw,Zero Point Levi | Levi Ski Resort | Finland,24263833
0,4nSQINjRz34,UCVryAb6wDVmvtBooYh9JIMQ,VK MIRAD UNIPO PreÅ¡ov vs.  Rieker UJS KomÃ¡rno,23
0,uMF1Ncmqz_4,UCDfYcuNw-ff952Xn0VDWwDw,LORE REVEALED! WELL I AM BACK TO TELL YOU MORE FNAF SECURITY BREACH LORE,365817
0,F9woOpp5_Ws,UCDfYcuNw-ff952Xn0VDWwDw,FINALLY... SOME FNAF SECURITY BREACH NEWS!!!,310203
0,ZzW96uT_T7I,UCzwJlXggvorZSvyWwZJ497w,"Why Benjyfishy Changed His Mouse, Fortnite Sensitivity &amp; Polling Rate! (Pro Updates)",110161
0,tINgZHdF09w,UC82NOEHfqeXOLT8gNJB1mFw,FIGHTER PASS 2: Updating the Wishlist,124552
0,KOROj7EPfrs,UCQrWS87-KWTTEpEl7sp_KjA,"TODOS LOS JUEGOS DE LANZAMIENTO de XBOX SERIES S|X y PLAYSTATION 5: FÃ­sicos, digitales, Gamepass...",10569
0,DfL-IOoLnRw,UCG26bSkEjJc7SqGsxoHNnbA,Ğ¤Ğ°ĞºÑ‚Ñ‹ ICTV. Ğ¡Ğ¿Ğ¾Ñ€Ñ‚ 8:45 (03.11.2020),2178
0,YBuWJA_v3uA,UC5eeDHYjTWF9pPWYDKpVMYQ,LIVE ESQUENTA - AOS POUCOS,3853
0,cYdsBXC7ZR8,UC8gbWbcNNyb5-NIXvFklkOA,"York Harbor Beach, Maine USA",1846315
0,WmB1gTzyUlA,UCyNPmg4WRmmlmWyivFYOYaw,Svarer pÃ¥ spÃ¸rgsmÃ¥l LIVE!,16283
0,0N-jJAUcIN4,UCMV-ojm4W9KVRGt_ihZIBIw,CoComelon JJ Doll TVC,1931954
0,NF39Myy1NRE,UCGbexyIa0tgcHISmGjjPDww,goodbye CHARGE SHOTGUN... (New Fortnite Update),416627
0,gnt2wZBg89g,UCSUu1lih2RifWkKtDOJdsBA,"Space Coast Live: 24/7 Views as NASA Executes Artemis Program, SpaceX Builds Florida Starship Pad",4243138
0,4cIBtdeCw04,UCst9GLZ-X47MxWBmx9cCrKA,COMPLETING ADVANCED SBC&#39;S FOR FREE PACKS! (Packed Out #10) (FIFA 21 Ultimate Team),405320
0,8kPSrw9_UfY,UCDfYcuNw-ff952Xn0VDWwDw,THESE LEVELS MADE ME RAGE SO HARD... || Crash Bandicoot 4 Part 10,66867
0,xL0ch83RAK8,UC8ROUUjHzEQm-ndb69CX8Ww,å°è¦–æ–°èå°HD 24 å°æ™‚ç·šä¸Šç›´æ’­ï½œTAIWAN TTV NEWS HD (Live)ï½œå°æ¹¾ã®TTV ãƒ‹ãƒ¥ãƒ¼ã‚¹HD (ç”Ÿæ”¾é€)ï½œëŒ€ë§Œ ë‰´ìŠ¤ ë¼ì´ë¸Œ,106951217
0,T4RwaqB8L7k,UCDfYcuNw-ff952Xn0VDWwDw,OK IT&#39;S TIME FOR SOME RAGE - HARD LEVELS... || Crash Bandicoot 4 Part 9,71919
0,JOlc_ksXncM,UCY64_tffZ71RniyKDj5bWRA,Crispy French Fries Recipe! You Can Make PERFECT Crispy French Fries at Home! ğŸŸ,1340138
0,sLXFd8Gd14A,UCgRBRE1DUP2w7HTH9j_L4OQ,"Very Important Patients: Don&#39;t Just Do Something, Stand There!",125131
0,XAlyTBHbhZE,UC69X4bHc6g3Lppr88AeJLfw,I SHOULD NOT HAVE DONE THAT!!! BIG LESSON LEARNED!!!,93711
0,9UVuI7wG254,UC7Lu-ONZhIM_lvKnZn0F19Q,CANLI YAYINDA GÃ–RMEDÄ°M DUYMADIM BÄ°LMÄ°YORUM!,288074
0,t-FylSaNRus,UCGwrdu-cp2khOEfuJE1pmKA,GTA V (with Max) | 2020-07-30,74011
0,O2rNGq0Hyzw,UCst9GLZ-X47MxWBmx9cCrKA,I PACKED NEYMAR IN A FIFA 21 UPGRADE PACK! (FIFA 21 Pack Opening),434578
0,CrKYY3emLhw,UCDfYcuNw-ff952Xn0VDWwDw,WORSE THAN 50/20 MODE?... || Crash Bandicoot 4,103857
0,M4NX0ftmof4,UCkfTUab0xxTMPRTNgs9vMCQ,The Smol of Flesh! Terraria 1.4 For the Worthy Let&#39;s Play #11,76445
0,6x8eWBN7EsY,UCVryAb6wDVmvtBooYh9JIMQ,24. SlÃ¡vnostnÃ© Otvorenie AkademickÃ©ho Roka,199
0,AOId55tGEaM,UCX51Dixddr5HuwLVBH9ykeQ,24/7 GHOST &amp; HORROR Stories To Fuel Your Nightmares | Paranormal Livestream ğŸ‘» ğŸƒğŸ§¹,329574
0,HggjKexlFpI,UClH3eUwzfDTXxUjM8WIJuOg,a few days back in edinburghâœ¨fun with friends and preparing for uni vlog!,138686
0,ljBAlUOQAGE,UCQINXHZqCU5i06HzxRkujfg,"Relaxing Jazz: Sweet Jazz &amp; Bossa Nova for Work, Study, Reading",6106340
0,fyhrv5SImuU,UCQrWS87-KWTTEpEl7sp_KjA,La saga KINGDOM HEARTS en SWITCH... Â¿es IMPOSIBLE? Entrevista + NUEVA INFO de MELODY OF MEMORY,12066
0,cXz-CTH9Gu8,UCqznv6zaRt1HEbUboOrP7Pw,ÙŠÙˆØ³Ù Ø§Ù„Ø´Ù‡Ø±ÙŠ - ÙŠØ§Ø±ÙˆØ­ÙŠ (Ø­ØµØ±ÙŠØ§Ù‹) | 2020,8168862
0,EDpu0Q_mPww,UCkfTUab0xxTMPRTNgs9vMCQ,Looking for the Perfect Setup! Terraria 1.4 For the Worthy Let&#39;s Play #3,130190
0,MiPxp5YfL4M,UCUFDKjWgMvIVwGQj3j_L6zg,Valorant Champions Tour NA - HIGHLIGHTS 2022,1263
0,QO9bm2TgHw0,UCDfYcuNw-ff952Xn0VDWwDw,THE FINAL COUNTDOWN TO FNAF SECURITY BREACH...,274627
0,kszQ_pb1lU8,UCb1ANUIW7arUUDI-Mwz65rw,Instrumental Christmas Music with Fireplace &amp; Piano Music 24/7 - Merry Christmas!,2043528
0,Q83gpZc2aPA,UC8YFOP87ktce_6EqAmtzOqQ,How to Remove a Pilot Bearing 2022,4771443
0,1bQx88Z6r6A,UCnPL0ZZ3GKcrvn92AudEKSA,Aleee mÅ‚odo wyglÄ…dam! #shorts,520754
0,UYuB_RGq8ic,UC4X7J9D6VbTIwnFDFNkfQ1A,Lofi Christmas Radio ğŸ„ 24/7 Lofi Hiphop Beats,5564
0,f2KamJwJqmc,UCrNFXmtWRFgbMHYJpjS3_0g,NONT TANONT - à¸§à¸±à¸™à¸„à¸£à¸šà¹€à¸¥à¸´à¸ (UNNIVERSARY) [Official MV],9255691
0,Hv_T5d__RhM,UC4bcrYrEInyNcnyTvZLx0bA,Best Tennis Points Episode 5 #SHORTS,273928
0,sdRMNfvDfkg,UCVpr3QrCsiT_fyCw4Ts2bxw,5 Amazing BACKPACKS That Are On Another LEVEL â—ˆ2019â—ˆ,156064
0,Dx5qFachd3A,UCJhjE7wbdYAae1G25m0tHAA,Relaxing Jazz Piano Radio - Slow Jazz Music - 24/7 Live Stream - Music For Work &amp; Study,59629816
0,NzMpzpJZyzc,UCst9GLZ-X47MxWBmx9cCrKA,Last To Fall To The Bottom Wins! (Fortnite Creative),69659
0,b5mQlgnSCms,UClhmd2Xe3zrYfuarqV-shKA,Yogscast Poker Nights | Jingle Poker #3 - Cowboys and Druidesses,94048
0,5CmLkphC_2U,UCipgn3CtUuic0kXMpzNeA4A,Illegal Weapon | Festival Mashup | DJ Shadow Dubai | Jasmine Sandlas ft Garry Sandhu | Drop That Low,87221
0,Q9JBu4o_3Ug,UCCnyXs3P1Px4Tg9i7F0B4wg,SIMBA LE ROI LION | Simba The Lion King | Partie 7 | Ã‰pisode Complet | FranÃ§ais | [KIDFLIX],64392
0,4ZBaF2pZG78,UCqra4Lzndm4H0LB-zwOqbxQ,Encounter - EP10 | I Love You Kiss [Eng Sub],152710
0,jJNSM93vWrM,UCk5bIh544LgQ2_ecTQQ5wQg,LETTERS FROM FELIX | Felix In Africa | Full Episode 15 | Cartoon TV Series | English,1643
0,qOfv4XWnWAw,UCk5bIh544LgQ2_ecTQQ5wQg,LETTERS FROM FELIX | Felix And The Indians | Full Episode 12 | Cartoon TV Series | English,1207
0,LfTWX8FInRs,UCst9GLZ-X47MxWBmx9cCrKA,*NEW* Battle Royale Game with Snowboarding! (Ring of Elysium),71454
0,mznuRMm6XNo,UCCnyXs3P1Px4Tg9i7F0B4wg,SIMBA DER LÃ–WENKÃ–NIG | Simba The Lion King | Ganzer Folge 5 | Deutsch | [KIDFLIX],30123
0,xfgKjAAfRIs,UCCnyXs3P1Px4Tg9i7F0B4wg,SIMBA DER LÃ–WENKÃ–NIG | Simba The Lion King | Ganzer Folge 1 | Deutsch | [KIDFLIX],38527
0,aNt_XA0QB_M,UCCnyXs3P1Px4Tg9i7F0B4wg,"SIMBA, EL REY LEÃ“N | Simba The Lion King | Episodio 2 Completo | EspaÃ±ol | [KIDFLIX]",21260
0,hzB7dMFd0vc,UCipgn3CtUuic0kXMpzNeA4A,Makhna Remix | Yo Yo Honey Singh | Neha Kakkar | DJ Shadow Dubai,767420
0,7MaZB_eNOBY,UCn570qcYPpXz045Oeg0yQGQ,BARDERO$ - DE VUELTA (Prod. Dellalowla) (Shot by @headprod),4238924
0,ktS6djVLtHY,UC-WGVHAIXEwolJVTbOPT0dA,Santhanam comedy | Part -1 | FULL HD | Tamil comedy | Vijay | Santhanam | Amala Paul | Thalaivaa,3490314
0,Ch36FiCgdTU,UC-WGVHAIXEwolJVTbOPT0dA,Santhanam  Latest comedy | Part - 2 | HD | Tamil Super comedy | Thalaivaa | Vijay,5259832
0,63Na4S5VR-c,UCst9GLZ-X47MxWBmx9cCrKA,I AM PRINCESS LEIA | STAR WARS BATTLEFRONT,97565
0,2mCSYvcfhtc,UC5nwNW4KdC0SzrhF9BXEYOQ,ã€ON AIRã€‘TVBSæ–°èå° 24 å°æ™‚ç›´æ’­ |Taiwan News Live|å°æ¹¾TVBS NEWSä¸–ç•Œä¸­ã®ãƒ‹ãƒ¥ãƒ¼ã‚¹ã‚’24æ™‚é–“é…ä¿¡ä¸­ | ëŒ€ë§Œ TVBSë‰´ìŠ¤ 24ì‹œê°„ ìƒë°©ì†¡,69621266
0,aGSYKFb_zxg,UCpNDViJ9ezD1yEY8JaLm5xQ,Good Vibes Only - Hip-Hop â€¢ Chillhop â€¢ Lofi Radio 24/7,2991174
0,ETNmFT3QLDE,UCrtY49ygqbYoISOFlybqSRQ,Hearts Of Iron IV - EspaÃ±a Carlista  - Javier I el del Bigote,917
0,PNR06O9sSio,UCf8w5m0YsRa8MHQ5bwSGmbw,Asianet News  Malayalam Live News | à´à´·àµà´¯à´¾à´¨àµ†à´±àµà´±àµ à´¨àµà´¯àµ‚à´¸àµ à´²àµˆà´µàµ  | Kerala Live TV News,352473534
0,Bgg-PZ4EWyM,UCst9GLZ-X47MxWBmx9cCrKA,The Most STUPID Game In GTA 5 RP?!,79380
0,gMh7hXWIEtE,UCjt5cKWZQrc0KnvIjquEdGg,&quot;Pra frente Brasil&quot; - MÃºsica tema da seleÃ§Ã£o brasileira - Copa do Mundo 1970,35929
0,cGYUrZ39eyQ,UCst9GLZ-X47MxWBmx9cCrKA,SO MANY PACKS! (FIFA 22 Packed Out #6),349399
0,HBO6Ewn4Jg4,UC86zNGwCUt5gBnizRSWSLuA,The Top 5 SOULS-LIKES You Should Play While You Wait For ELDEN RING,75674
0,p9jfNCmbZoI,UCBIe28uoEnt_LEdNFbWankA,"24/7 - lofi sleep, lofi rainğŸ’¤ beats to relax at night - music for insomnia, anxiety, peaceful dreams",102913
0,AA5B_IUJ8RA,UCgaiUkHAOhG6ynlboA8YAaA,The Mitchells vs. the Machines (2021) Final Battle with healthbars 1/2,396189
0,GloXbcMyxHs,UC4bcrYrEInyNcnyTvZLx0bA,Tennis | ATP Pro Player vs me ( UTR 11 junior ),83504
0,XNZQTU0OHjE,UC-CT7fkH-Sv8TNUpgox_eDA,Ø§Ø²Ø§ÙŠ ØªÙ†Ø¸Ù…ÙŠ ÙˆÙ‚ØªÙƒ Ù…Ù† Ø§Ù„ÙØ¬Ø±ÙŠÙ‡ Ø¨Ø®Ø·ÙˆØªÙŠÙ† Ù„Ùˆ Ø¹Ù…Ù„ØªÙŠÙ‡Ù… Ù‡ØªØ±ØªØ§Ø­ÙŠ Ø·ÙˆÙ„ Ø§Ù„ÙŠÙˆÙ… Ùˆ ØªØ­Ø§ÙØ¸ÙŠ Ø¹Ù„Ù‰ Ø¨ÙŠØªÙƒ ÙˆØµÙ„Ø§ØªÙƒ,69195
0,HnfpTMtfFk8,UC5BMQOsAB8hKUyHu9KI6yig,KBS KOREA On-Air,10134379
0,1ScfqaCp2Ho,UCtPzSUuFFHQZr-Cv7YRr2Fg,What is human development index,41252
0,CHTPwFK8RSc,UClH3eUwzfDTXxUjM8WIJuOg,"edinburgh entries ğŸ’road trip, freshers week, settling in, refreshing the flat",97282
0,mqIEsmoqNTs,UCX33k1S7WbWAzl9fBDM3UfA,à¤…à¤°à¤µà¤¿à¤‚à¤¦ à¤•à¥‡à¤œà¤°à¥€à¤µà¤¾à¤² à¤•à¥€ à¤¬à¤¦à¥Œà¤²à¤¤ à¤†à¤œ à¤‘à¤Ÿà¥‹ à¤°à¤¿à¤•à¥à¤¶à¤¾ à¤•à¤¾ à¤®à¤¾à¤²à¤¿à¤•,55
0,CwnlNQSHBfc,UCOIkT9bq-1N2BvrsBjhNlag,"Ft. Madison, Iowa USA  | Virtual Railfan LIVE",11295769
0,86YLFOog4GM,UCakgsb0w7QB0VHdnCc-OVEA,ğŸŒ Nasa Live Stream  - Earth From Space :  Live Views from the ISS,60672294
0,r7ai-klv4lU,UCVryAb6wDVmvtBooYh9JIMQ,SlÃ¡vnostnÃ© otvorenie 25. akademickÃ©ho roka,95
0,TCnaIE_SAtM,UCmH4q-YjeazayYCVHHkGAMA,ä¸­è¦–æ–°èLIVEç›´æ’­é »é“24å°æ™‚ç·šä¸Šç›´æ’­ï½œTaiwan CTV news HD 24h live news |å°æ¹¾ã®CTV ãƒ‹ãƒ¥ãƒ¼ã‚¹HD ëŒ€ë§Œ 24ì‹œê°„ ë‰´ìŠ¤ì±„ë„  | (ç”Ÿæ”¾é€),38569393
0,bcK_9HzDyXE,UCst9GLZ-X47MxWBmx9cCrKA,Meeting A RIVAL Gang In GTA 5 RP!,81541
0,ENE2VqPyc9s,UCGbexyIa0tgcHISmGjjPDww,I Competed in the FIRST Tournament of Season 8 Fortnite... (Fortnite Competitive),150601
0,UiE7ScaGIZ4,UC8YFOP87ktce_6EqAmtzOqQ,How to Easily Repair Tire Patch 2021,7460568
0,sC2oufyWWis,UCyvr38mzrRPsclvPbT9_iog,Good Shepherd Household Relief Loans,431954
0,0-RirLdUYEE,UCPde4guD9yFBRzkxk2PatoA,ğŸ”´ 24/7 K-POP LIVE STREAMING  on ALL THE K-POP,7032237
0,DJeHGoKUtPQ,UCn570qcYPpXz045Oeg0yQGQ,"C.R.O, Duki, Chucky 73, We$t Dubai, Moonkey - LAMBO Remix (Official Video)",10733980
0,9GPMcqWhgKA,UCbn5eHDjwmPC2K9RG8P0i_A,ã€ŒLIVECAMERAã€ã€€è‰æ´¥æ¸©æ³‰ã€Œæ¹¯ç•‘ã€æ¹¯æ»å‰,5946658
0,49Nlf_ArDDI,UC18P2jZqlz90I7I69ifQhzQ,Nenhuma resina da bolha -  semana da resina #3,1029
0,tcRvI1rSokk,UCUVWoy_rGPdZeUp7jjRHOaQ,æ—¥æœ¬å…¨å›½ ç·Šæ€¥åœ°éœ‡é€Ÿå ±ãƒ©ã‚¤ãƒ– The Real-time Earthquake Alert Channel for Japan (Tokyo),41976660
0,-Dg7AxrP0_o,UC3zwjSYv4k5HKGXCHMpjVRg,"Epic Music Radio 24/7 | epic battle music, powerful music, emotional music | beats to game/relax...",40714
0,fG55WVRUOgc,UCqMoojAkOMdtpTBenPVhzRg,[Vietsub]ğŸ‰ChuyÃªn má»¥c Äƒn Ä‘Ãªm #1| Khi nhÃ  bÃ¡n táº¡p hÃ³a lÃ  tráº£i nghiá»‡m gÃ¬ ğŸ˜‹,1342354
0,YGEgelAiUf0,UCwXrBBZnIh2ER4lal6WbAHw,Mathrubhumi News Live | Malayalam News Live |  à´®à´¾à´¤àµƒà´­àµ‚à´®à´¿ à´¨àµà´¯àµ‚à´¸àµ à´²àµˆà´µàµ,112295649
0,1vekn9o8XYM,UCdKdmvjGSkT5CJlZGamPaYQ,"TIK TOKERS RELIGIOSOS, PARA QUE TA FEIO!!!! ğŸ™„ğŸ™„ | KlÃ©bio Damas",289504
0,n3a92qpA97A,UC-pY4F9AcDkc9iIwNdz9ssw,Jadid Ahidouss MELLAB : GROUPE Assagm _ Tarwa N Idurar _ Groupe Tarula &quot; #DONIYTE&quot;Ø§Ø­ÙŠØ¯ÙˆØ³ Ù…Ù„Ø¹Ø¨,7084
0,5WFPWe-_584,UCMV-ojm4W9KVRGt_ihZIBIw,NEW NanoBytes,410786
0,PWHHAlc6KXM,UCqznv6zaRt1HEbUboOrP7Pw,ÙŠÙˆØ³Ù Ø§Ù„Ø´Ù‡Ø±ÙŠ - ØªÙ…Ù„ÙƒØªÙ†ÙŠ (Ø­ØµØ±ÙŠØ§Ù‹) | 2021,624169
0,pJRhw62VBh8,UCX33k1S7WbWAzl9fBDM3UfA,75à¤µà¥€à¤‚ à¤µà¤°à¥à¤·à¤—à¤¾à¤‚à¤  à¤¬à¤¡à¤¼à¥€ à¤§à¥‚à¤®à¤§à¤¾à¤® à¤¸à¥‡ à¤†à¤ª à¤¨à¥‡à¤¤à¤¾à¤“à¤‚ à¤¨à¥‡ à¤§à¥à¤µà¤œà¤¾à¤°à¥‹à¤¹à¤£ à¤ªà¤‚à¤¡à¤¿à¤¤ à¤¸à¤¤à¥à¤¯à¤¨à¤¾à¤°à¤¾à¤¯à¤£ à¤­à¤µà¤¨ à¤ªà¤° à¤•à¤¿à¤¯à¤¾ à¤—à¤¯à¤¾à¥¤,136
0,HqmIQaBhEHk,UCIGcNlKQTDKyL7aZoqbR4bw,Riddles - Got em&#39;!  #Shorts,259834
0,j7c2YHxNZUs,UCst9GLZ-X47MxWBmx9cCrKA,SIDEMEN &amp; AITCH PLAY BACK 4 BLOOD (Back 4 Blood Open Beta),68583
0,Z-Nwo-ypKtM,UCO6K_kkdP-lnSCiO3tPx7WA,"franceinfo - DIRECT TV - actualitÃ© france et monde, interviews, documentaires et analyses",40417685
0,cunJUKtP3Cg,UC8YFOP87ktce_6EqAmtzOqQ,How to Use Hot melt Water Stop Pin 2021,6962304
0,-Z4W0iltQ5U,UCkN99tb9rDWsS3c5mKwWsJw,LeÅ›ny ZakÄ…tek dla ptakÃ³w i dzikiej zwierzyny - kamera na Å¼ywo,3670128
0,AhWTb8cGB-o,UCLptnohX62GV_vEEC1lSTgQ,REAL vs POPITS ğŸ¤£ TipTapTube,76954
0,Uxxi-rkGnHE,UCst9GLZ-X47MxWBmx9cCrKA,We Kidnapped An Alien For A Store Robbery In GTA 5 RP!,142322
0,AIaFGFONUGQ,UC9lRSat3J2IhZ0_TOV-XNzA,I Broke the NEW Fortnite Update!,116550
0,OqhJBZDeY1k,UC8YFOP87ktce_6EqAmtzOqQ,Self Locking Cable Ties VS One Time Cable Tile,10247477
0,8sAvq1zPHUc,UCst9GLZ-X47MxWBmx9cCrKA,Prank Goes Incredibly Wrong In GTA 5 RP!,132727
0,7H-6gBSAu4o,UCza48nR27_AEYbIbwMCOoFQ,Leavenworth Washington Live Webcam from Rhein Haus,1959864
0,Fgm9UAzdzQY,UCqSYig9Cmx6DJ3XaUYg4vpw,Global Prayer Stream | Live 24/7 Worship with Prayer | IHOPKC,5951828
0,2jDOcRH9PJ4,UC8YFOP87ktce_6EqAmtzOqQ,Heavy Expansion Bolt Set Demo,450543
0,6LP-DzyHqA4,UCA4vCk59oUmlBvyvXNiXQ7w,Lokomoschine | A Short Film by Ulrike Schulz And Nikolai Neumetzler,370151
0,-eIDaPLBjbI,UCipgn3CtUuic0kXMpzNeA4A,Dheere Dheere | DJ Shadow Dubai Mashup | Yo Yo Honey Singh | Full HD Video,3891468
0,8jEXHzMTR7s,UCndsdUW_oPLqpQJY9J8oIRg,tv100 - CanlÄ± YayÄ±n á´´á´°,52076957
0,d0dB3kSCMmM,UCSzOZ97LOpU-_AVlGfmD4rQ,Bhakthi TV Live | Telugu Devotional Channel Live | Bhakthi TV Official,21662753
0,cjR-z0MM5oE,UCYuuvmc7jisofTay3_bzIvw,Chat da Gadeiro ğŸŒºğŸ­ğŸ ğŸ‘¾(Somente Otakus),118
0,R2iMq5LKXco,UCR3asjvr_WAaxwJYEDV_Bfw,EBC æ±æ£®æ–°è 51 é »é“ 24å°æ™‚ç·šä¸Šç›´æ’­ï½œTaiwan EBC 24h live newsï½œå°æ¹¾ EBC ãƒ‹ãƒ¥ãƒ¼ã‚¹24 æ™‚é–“ã‚ªãƒ³ãƒ©ã‚¤ãƒ³æ”¾é€ï½œëŒ€ë§Œ ë‰´ìŠ¤ ìƒë°©ì†¡,248923517
0,a8t3ERawYoE,UCRnZNmnF3NMCaxl5aA7o3hQ,APOIE O CANAL - SUPPORT THE CHANNEL | SUPER CHATS &amp; SUPER STICKERS,0
0,6uddGul0oAc,UCJhjE7wbdYAae1G25m0tHAA,TOKYO Cafe: Beautiful Relaxing Jazz Piano Music for Stress Relief - Night Coffee Shop Ambience,16752791
0,COIEBb6DGWk,UC8YFOP87ktce_6EqAmtzOqQ,Universal Super Glue - Does it workï¼Ÿ,30107725
0,MKQkrPCelR0,UCqznv6zaRt1HEbUboOrP7Pw,Ù…Ø³Ø¹ÙˆØ¯ Ø¨Ù† Ø´Ø¹ÙÙˆÙ„ - Ø³Ø±Ø§ Ù„ÙŠÙ„ÙŠ (Ø­ØµØ±ÙŠØ§Ù‹) | 2021,266985
0,kuGsUIb6WcI,UC8YFOP87ktce_6EqAmtzOqQ,Universal Multifunctional Hammer,374030
0,OCk2rDzIGTE,UC8YFOP87ktce_6EqAmtzOqQ,U Shape Multi Angles Cutter,1254215
0,9FQSbI2A9nI,UC8YFOP87ktce_6EqAmtzOqQ,Deep Water Fishing Magnet - Does it Workï¼Ÿ,26721190
0,KusHybhaiPI,UCtf2ASKWEcwN6Ou1Nx9GN3g,Red Dead Online: Train Griefer + Bonus Clip Torturing Another Griefer,645
0,3FDhhhJbcm0,UCGbexyIa0tgcHISmGjjPDww,The Fortnite Season 6 EVENT leaked... (New Map Changes),135833
0,lbKkJ2M7c1Y,UCei6vZyHkChmcxxMZNN6pgg,apre anpil presyon etazini jovenel resi libere pou DEA vin pran chofÃ¨l la .ki te konn van drÃ²g laba,251
0,AOxCoGlRH24,UCKUyqTCe-s0SVeLQbayv3hA,"ğŸ”´ LIVE Explore the World with Disney Princesses | Moana, Jasmine, Rapunzel &amp; More | Disney Princess",42349
0,Dd7YbWyPcQo,UCKnBdffdcxV9-Pi6rU9y7UQ,"Perpetual Adoration live from St Benedict&#39;s, Melbourne",11001849
0,KOFmYIrUoVc,UCst9GLZ-X47MxWBmx9cCrKA,"We Packed A 2,500,000 Coin Player &amp; Icon! (FIFA 21 Pack Opening)",121504
0,4mFx2o3lp5Q,UC8YFOP87ktce_6EqAmtzOqQ,Wood Angle Shaping Wheel,2338386
0,knj8_8LjO-Q,UC8YFOP87ktce_6EqAmtzOqQ,Powerful Sharp Cut Disc Drill Blades 2021,9262039
0,A6emXttXuN8,UCJe57torobjJdJYwEPmBflw,Ø£Ø¬ÙŠ ØªÙØ¹Ù’Ø±ÙÙÙ’ Ø¹Ù„ÙŠØ§ ÙƒØ«Ø± Ø£Ø«Ù†Ø§Ø¡ Ù…Ø±ÙˆØ±ÙŠ Ø¹Ù„Ù‰ Ø§Ù„Ù‚Ù†Ø§Ø© Ø§Ù„Ø«Ø§Ù…Ù†Ø©,1269
0,5v9kEZkqwJk,UCTUO_3bYr50vmH0aE7byMjg,Why pros never feed but you do,243364
0,sCwAuqQcC8Y,UCZjwEtQNJq81y7798ib6dUQ,"LALAKE NAKITA ANG BATANG NAG-IISA SA PARK,ANO KAYA ANG DAHILAN KUNG BAKIT SILA PINAGTAGPO!|LOURDTV",341279
0,p0Wzc224VXk,UCb5LaHB25OEBhgEZ89ESzDA,Watching Godzilla vs. Kong Trailer. (Insane clips) Team Kong.,36
0,MTc4pmnPGaU,UC8YFOP87ktce_6EqAmtzOqQ,Solder Wire Connector Kit,28245761
0,Bu9mcNSRfMQ,UCiWS-L9I037Fgm_TuEpWnxw,non stop 5 hours stream stand streamer,169
0,oIT1ynIENt0,UCVItNtUctAknegvmYcMhUQg,LIVE | ğŸ”´ | Darshan from Shree Swaminarayan Temple - Bhuj,3297921
0,DKTigPMV3EQ,UCIOpQbcUj5y_d3Z3HoNfD8A,Mera Dil Ye Pukare Aaja Remix | sona sona hai jahan remix Song | Hindi Old Song | @Ponkoj Roy | 2021,3178889
0,KjJ06gOi2u0,UCzwJlXggvorZSvyWwZJ497w,You Could Be Eligible For 1000 V-Bucks For FREE! (If You&#39;ve Played Fortnite STW),72612
0,cUHg1wmO-zw,UCq0u12Wsjeo3mw0f5jhFvIQ,à¦…à¦¨à§à¦ªà¦® à¦†à¦¦à¦°à§à¦¶ | Professor Mokhter Ahmad | à¦¶à¦¾à¦¯à¦¼à¦– à¦ªà§à¦°à¦«à§‡à¦¸à¦° à¦®à§‹à¦–à¦¤à¦¾à¦° à¦†à¦¹à¦®à¦¾à¦¦ |,599
0,-pOZxeNResc,UCM9XDMG9--5m6mqLNZ72IWA,Madam Felicia S1Ep5 (Season finale) ğŸ‘©ğŸ¾â€ğŸ«ğŸ”¥ğŸ˜‚ || kweswetembo,336
0,DWYa6OWq0wY,UCNR3637rcTbRM7Wi4sG1nnQ,Qualcosa di PiÃ¹ -  L&#39;uomo che ha cambiato la storia,69
0,04ohanfNxHE,UCst9GLZ-X47MxWBmx9cCrKA,GeoGuessr But It&#39;s Only Sidemen Locations 2,195186
0,nMisjaHqMy8,UCkvfJPaWkbz2M8G9mAt9hjw,Fondant Cupcake Toppers with Edible Images | Delta Sigma Theta Sorority Cupcakes,3917
0,hl_nACnH42w,UCrreHSUa5rnuCVDeO8dX4eA,Peppa Pig en EspaÃ±ol Episodios completos ğŸ”´ EN VIVO,116375146
0,SEtyQ9y6iiE,UCjD46rL47Dla8zba8zRikew,Ferdi Tayfur - 2 Full AlbÃ¼m,407118
0,AXFG2wh1pi8,UCqznv6zaRt1HEbUboOrP7Pw,Ù…Ø¹ÙŠØ¶ Ø§Ù„Ù‚Ø­Ø·Ø§Ù†ÙŠ - Ø§Ù„Ø®ÙŠØ§Ù„ (ÙÙŠØ¯ÙŠÙˆ ÙƒÙ„ÙŠØ¨ Ø­ØµØ±ÙŠ) | 2021,261076
0,89vRm9bb9_c,UC1HDQ1Q5nVHYF8e7dL4E-pw,South Point Levi | Levi Ski Resort | Finland,1568465
0,9245zD3FUCI,UCst9GLZ-X47MxWBmx9cCrKA,6 MILLION COIN ICON AND FUTURE STARS! (FIFA 21 Pack Opening),163455
0,gFI5ieIpLzU,UCYCVwMuFBia4usSBbFj2Ycg,"Winter Garden, Florida Downtown Live Webcam",1391032
0,fK1a4Pm8Px0,UC8YFOP87ktce_6EqAmtzOqQ,Tire Repair Glue,24220794
0,cArl1H1eGHQ,UCst9GLZ-X47MxWBmx9cCrKA,"How To Earn $1,000,000 In 10 Minutes...",101628
0,aHftPsiTK7U,UCDfYcuNw-ff952Xn0VDWwDw,MORE MODS ON FRIDAY NIGHT FUNKIN&#39;,600902
0,QJl_1CEmHqw,UCst9GLZ-X47MxWBmx9cCrKA,London 2012 but it&#39;s QWOP,171466
0,296DTEnkYsw,UCq0u12Wsjeo3mw0f5jhFvIQ,Tarbiyah online madrasah | Professor Mokhter Ahmad,3401
0,4GNHBLJrHzw,UClH3eUwzfDTXxUjM8WIJuOg,"a cosy day in edinburgh | journaling, studying and pizza ğŸ•",126802
0,OS9FhcLGYfA,UCst9GLZ-X47MxWBmx9cCrKA,BEST Future Stars Pack Opening On YouTube? (FIFA 21 Pack Opening),268814
0,OsKrSXBjxQc,UCNL8SCfixpPsU5shwmv9Kuw,&#39;Identity&#39; Post Mortem Stream,116806
0,fjnJ2fzlh4g,UC12-jDuDnEJAhtmukCFBEGQ,Webcam Live Abetone (PT) - Piazza Europa,890263
0,LEMmddP9Hok,UCZ3caAEDUUpzX4crKA5DEkA,Wild Fire - Just To Have Someone (Official Music Video),214755
0,B4NymkobX1U,UCzwJlXggvorZSvyWwZJ497w,Fortnite Just *CHANGED* Performance Mode! (Season 5),95767
0,Wiy9sCNvDeo,UC9Z3ZrgSyFA75VQ5HpqSbtA,ROMANTIC MASHUP SONGS | kannada all time favourite songs | Sandalwood Mashup | Sangeetha Rajeev,205353
0,rZq2kEzeTMY,UCxC9MfDAmBZ9VKORic6JK0A,Upcoming DC Animated Shows In 2019,126377
0,KPPMqLcNJpk,UCd3CjPIGw8AofEuRnAP2otw,KOZIOÅEK MATOÅEK - 1H Bajek Dla Dzieci - HD,534982
0,0k5YzG-IVoc,UC-WGVHAIXEwolJVTbOPT0dA,KALYANARAMAN - Full Movie | Kamal | Sridevi | Illayaraja | Tamil Best Movies,61503
0,q4h4sdNXKXM,UCztprrrO7f63Y-_il7kJo-Q,Alice&#39;s Restaurant - 1969 Film,30835
0,Wiy9sCNvDeo,UC9Z3ZrgSyFA75VQ5HpqSbtA,ROMANTIC MASHUP SONGS | kannada all time favourite songs | Sandalwood Mashup | Sangeetha Rajeev,205353
0,M4NX0ftmof4,UCkfTUab0xxTMPRTNgs9vMCQ,The Smol of Flesh! Terraria 1.4 For the Worthy Let&#39;s Play #11,76445
0,6x8eWBN7EsY,UCVryAb6wDVmvtBooYh9JIMQ,24. SlÃ¡vnostnÃ© Otvorenie AkademickÃ©ho Roka,199
0,AOId55tGEaM,UCX51Dixddr5HuwLVBH9ykeQ,24/7 GHOST &amp; HORROR Stories To Fuel Your Nightmares | Paranormal Livestream ğŸ‘» ğŸƒğŸ§¹,329582
0,ljBAlUOQAGE,UCQINXHZqCU5i06HzxRkujfg,"Relaxing Jazz: Sweet Jazz &amp; Bossa Nova for Work, Study, Reading",6106340
0,fyhrv5SImuU,UCQrWS87-KWTTEpEl7sp_KjA,La saga KINGDOM HEARTS en SWITCH... Â¿es IMPOSIBLE? Entrevista + NUEVA INFO de MELODY OF MEMORY,12066
0,cXz-CTH9Gu8,UCqznv6zaRt1HEbUboOrP7Pw,ÙŠÙˆØ³Ù Ø§Ù„Ø´Ù‡Ø±ÙŠ - ÙŠØ§Ø±ÙˆØ­ÙŠ (Ø­ØµØ±ÙŠØ§Ù‹) | 2020,8168862
0,EDpu0Q_mPww,UCkfTUab0xxTMPRTNgs9vMCQ,Looking for the Perfect Setup! Terraria 1.4 For the Worthy Let&#39;s Play #3,130190
0,6cIv-hdP1l0,UC906XX8sZ6bej2XUpeL3hzQ,VIDA DE YOUTUBER #06 | COMPREI O AP NA CIDADE E MONTEI NOSSO SETUP GAMER! PODE VIR NASA!,98416
0,MiPxp5YfL4M,UCUFDKjWgMvIVwGQj3j_L6zg,Valorant Champions Tour NA - HIGHLIGHTS 2022,1263
0,Xk6pDOZpli8,UCtPzSUuFFHQZr-Cv7YRr2Fg,What does good governance mean for you? | Dr. Akinwumi Adesina,356
0,UYuB_RGq8ic,UC4X7J9D6VbTIwnFDFNkfQ1A,Lofi Christmas Radio ğŸ„ 24/7 Lofi Hiphop Beats,5564
0,f2KamJwJqmc,UCrNFXmtWRFgbMHYJpjS3_0g,NONT TANONT - à¸§à¸±à¸™à¸„à¸£à¸šà¹€à¸¥à¸´à¸ (UNNIVERSARY) [Official MV],9255691
0,Hv_T5d__RhM,UC4bcrYrEInyNcnyTvZLx0bA,Best Tennis Points Episode 5 #SHORTS,273928
0,cdQElNBSlFY,UCn570qcYPpXz045Oeg0yQGQ,HOMER EL MERO MERO â€¢ LIBERTAD (Prod. 348 Studio),8675746
0,t8dUtBRQNUs,UCxC9MfDAmBZ9VKORic6JK0A,Static&#39;s Origin (Young Justice),74697
0,gBMaSU5PNeo,UCX33k1S7WbWAzl9fBDM3UfA,"#à¤¡à¥‹à¤° à¤Ÿà¥‚ à¤¡à¥‹à¤° à¤¯à¥‹à¤œà¤¨à¤¾ à¤•à¥‡ à¤®à¤¾à¤§à¥à¤¯à¤® à¤¸à¥‡ à¤‡à¤¸ à¤¬à¤¾à¤° à¤…à¤šà¥à¤›à¥€ à¤†à¤à¤—à¥€ à¤°à¥ˆà¤‚à¤•à¤¿à¤‚à¤— - (Vijay Prakash) E in C, EDMC",81
0,RHY9hVrBPOE,UCYQNDHBB3Lcjpyt1poOXCDw,BLITZ - PRIME ROCK BRASIL 2022 - AO VIVO,502
0,XlQEdFlzQxo,UCMV-ojm4W9KVRGt_ihZIBIw,Miraculous Dolls &amp; Playset,457317
0,CkNeltsc5ps,UC_FuR9GFVJE2A8H02sQmHWw,Assisi Live Stream,2266406
0,X_EWYemclKA,UCV6zcRug6Hqp1UX_FdyUeBg,CNN TÃœRK - CanlÄ± YayÄ±n á´´á´°,244645569
0,y3-3OPqqhR4,UCq0u12Wsjeo3mw0f5jhFvIQ,à¦¶à§‡à¦· à¦­à¦¾à¦²à§‹ à¦¯à¦¾à¦° à¦¸à¦¬ à¦­à¦¾à¦²à§‹ à¦¤à¦¾à¦° | à¦®à§à¦«à¦¤à¦¿ à¦®à§€à¦° à¦®à§‹à¦¯à¦¼à¦¾à¦œà§à¦œà§‡à¦® à¦¹à§‹à¦¸à§‡à¦¨ à¦¸à¦¾à¦‡à¦«à§€ | mir moazzem hossain saifi,392
0,a9ssm9WvxSo,UCiWS-L9I037Fgm_TuEpWnxw,STRICTLY 17+ PHONE COMING SOON || PUBG MOBILE || RYZENGAMER07 ||,75
0,8SZ_j_Yy2Xg,UCLYCzbovV_6rdtfsqEjc5UA,GRILLED MEAT BY GEORGY KAVKAZ,415259
0,Rv9iNMO5hFs,UCiWS-L9I037Fgm_TuEpWnxw,STRICTLY 17+ PHONE COMING SOON || PUBG MOBILE || RYZENGAMER07 ||,67
0,VEAIVHthrhs,UC5gOAy4oRRiOXAt8qAVrF7w,Turkuvaz Romantik - CanlÄ± Radyo YayÄ±nÄ± - Online Radyo Dinle - Turkuvazradyolar.com,2669073
0,QOjmvL3e7Lc,UCbTLJi8lXWIt_d1AtRv4Nmw,Tokyo Live Camera Ch1[4K] æ±äº¬ æ±ç•™ é‰„é“ ãƒ©ã‚¤ãƒ–ã‚«ãƒ¡ãƒ©,11214511
0,ky973yLy5WI,UCNR3637rcTbRM7Wi4sG1nnQ,La Croce - Un film di Billy Graham,49
0,iQMvYLAKiRI,UCX33k1S7WbWAzl9fBDM3UfA,à¤®à¥ˆà¤‚ à¤®à¤¾à¤§à¥à¤°à¥€ à¤¦à¥€à¤•à¥à¤·à¤¿à¤¤ à¤¬à¤¨à¤¨à¤¾ à¤šà¤¾à¤¹à¤¤à¥€ à¤¹à¥‚à¤‚,170
0,TgfKa5FR2U0,UCc9lc8DNwupget_eYxpaffA,DRAW MY LIFE - DAL SOGNO ALLA REALTÃ€,2145
0,SN-E6bO0Te0,UCJhjE7wbdYAae1G25m0tHAA,WORK Cafe: Cozy January Jazz - Warm Winter Jazz &amp; Bossa Nova for Exquisite Mood,5985571
0,yw7fLeV7L3Y,UC-WGVHAIXEwolJVTbOPT0dA,à®ªà¯à®©à®¿à®¤à®®à®¾à®© à®…à®°à®šà®¿à®¯à®²à¯..à®à®©à¯à®©à®©à¯ à®¤à¯†à®°à®¿à®¯à¯à®®à®¾..?  | Anbu Magan | Sanghavi | Radha ravi,1615
0,LteZGagytck,UCa69z93FNSpbEOiEcDRuV6w,rust trap base king i found a guitar god,9
0,tQPX-ajXeUY,UCX33k1S7WbWAzl9fBDM3UfA,#House Tax à¤¸à¥‡ à¤—à¤¾à¤‚à¤µ à¤®à¥‡à¤‚ à¤¸à¤‚à¤ªà¤¤à¥à¤¤à¤¿ à¤µà¥à¤¯à¤µà¤¸à¤¾à¤¯à¤¿à¤• à¤µ à¤°à¤¿à¤¹à¤¾à¤¯à¤¶à¥€ à¤¸à¤‚à¤ªà¤¤à¥à¤¤à¤¿à¤¯à¥‹à¤‚ à¤•à¥‹ à¤œà¤²à¥à¤¦ à¤®à¤¿à¤²à¥‡à¤—à¥€ à¤°à¤¾à¤¹à¤¤-EDMC,56
0,AinAZQgQp_s,UCkW_baVbq6aGPWeYY4hOPCA,ã€LIVEã€‘ä»™å°é§…å‰ã®æ§˜å­ã€€ã€€ã€€ã€€ã€€ã€€ã€€ã€€ã€€ã€€ã€€ã€€ã€€ã€€ã€€ã€€ã€€ã€€ã€€ã€€ã€€ã€€ã€€ã€€ã€€ã€€ã€€ã€€ã€€ã€€ã€LIVEã€‘çªæ’ƒï¼ãƒŠãƒã‚¤ã‚­TVã€Œãƒ‡ãƒ‘ã‚¹ãƒ‘ä¸€ç•ªã®ã‚Šï¼ã€åŒæ™‚é…ä¿¡ï¼ˆæ¯é€±æœˆï½é‡‘åˆå‰10æ™‚é ƒï¼‰,1889822
0,aUeGflmhu2Q,UCL0OmWcRHJhUWpWcbV61wmQ,True Love Will Find You in the End - Daniel Johnston Cover (crossrecord),31
0,att_FeFFL80,UCqtzBQxe3VXp2PYINhdf6aQ,Ripple CEO on XRP Event! SEC Lawsuit News,50584
0,B062cL2bSCc,UCQrWS87-KWTTEpEl7sp_KjA,Â¡Un Ã¡ngel letal! Combates ONLINE con SEPHIROTH en SUPER SMASH BROS. ULTIMATE,10045
0,lg-Rs3U6qWA,UCkzgEAdJiJMC7ZIXHtoNwxw,Shyhrete Behluli - Kolazh,47905
0,JJqXeRFsLjE,UC_pPFW2jn1pUT1O5D1m3brg,KC Zoo Penguin Cam 4K,6672322
0,D9SGZoRLgcw,UCst9GLZ-X47MxWBmx9cCrKA,I Got Back To Back Icons In a TOTGS Pack Opening! (FIFA 21 Pack Opening),160686
0,iN-qV8pdamY,UCst9GLZ-X47MxWBmx9cCrKA,Best NEW Winger For Our Team! *Alessandrini* (Packed Out #41) (FIFA 21 Ultimate Team),202181
0,AaHagpS9TJ4,UCst9GLZ-X47MxWBmx9cCrKA,I&#39;m Quitting FUT CHAMPS! (Packed Out #40) (FIFA 21 Ultimate Team),217607
0,7cftw8SGsIE,UCjVqBeWn9hH8p3O4P6uNJ3A,"Zoshi&#39;s Skyrim Adventures | Helping Esbern and Meeting Characters | #01 | 1440p60 | RPG, Fantasy",22
0,MN8p-Vrn6G0,UC9CYT9gSNLevX5ey2_6CK0Q,NDTV India Live TV: Arvind Kejriwal | BJP | Gujarat Election 2022 | Delhi MCD Election,454691390
0,NnPe94TVzpg,UCkNqFmipBP-6HXp4PtJpTyA,Parafia PierÅ›ciec â€“ transmisja na Å¼ywo,1208
0,V911_7yziDM,UCAn7BPS_bQvAsE7y-SkDm7Q,Youtube Broadcast,10
0,P6MiA0GU2ec,UCst9GLZ-X47MxWBmx9cCrKA,The Return Of Lewandowski! (Packed Out #35) (FIFA 21 Ultimate Team),302872
0,Uq5MCXgw3_Y,UCXptamDYEVcU4JCio30hYTw,Peppa Pig FranÃ§ais LIVE 2021 ğŸ”´ Ã‰pisodes Complets - Dessin AnimÃ© Pour BÃ©bÃ© 24/7,17037916
0,nPsi6a-zYhs,UCxC9MfDAmBZ9VKORic6JK0A,Upcoming DC Animated Films In 2021,331747
0,nqUZgqjRhnA,UCst9GLZ-X47MxWBmx9cCrKA,I Broke Cold War Zombies...,115157
0,6d5ScoGr5gc,UCTUO_3bYr50vmH0aE7byMjg,How to win Dota (with toxic teammates),79194
0,TmtVbezZaqg,UCza48nR27_AEYbIbwMCOoFQ,Leavenworth Washington Live Webcam from Kris Kringl!,6023812
0,6Irus3d5f0E,UCqY3gnYuuzONai4jUhnCv6g,NON STOP TECHNO RAVE RADIO 24/7 MIX,18475297
0,b6R9-7KZ8YM,UC25EuGAePOPvPrUA5cmu3dQ,Africanews franÃ§ais en direct - Info et actualitÃ©s en continu,2709634
0,gTK5s0_uDkg,UCDfYcuNw-ff952Xn0VDWwDw,FNAF SECURITY BREACH HAS BEEN DELAYED - 2021 - IT IS WHAT IT IS,270278
0,1gNo51eEQnE,UCy_HunYzxAz77hyW_f3GGrA,JESTEÅšMY NA Å»YWO Z WOJANEM W MINECRAFT! *PRZECENY NA PALION STYLE*,81701
0,_8gzQl27u5I,UCst9GLZ-X47MxWBmx9cCrKA,My First Objective Player From Friendlies! (Packed Out #29) (FIFA 21 Ultimate Team),213357
0,qokCPSooM1o,UCst9GLZ-X47MxWBmx9cCrKA,DOING A RED PICKS UPGRADE SBC! (Packed Out #27) (FIFA 21 Ultimate Team),322773
0,LwihxyJ4V20,UC1HDQ1Q5nVHYF8e7dL4E-pw,Zero Point Levi | Levi Ski Resort | Finland,24264036
0,HNp_uFmVEx8,UCst9GLZ-X47MxWBmx9cCrKA,Minecraft But It&#39;s Skateboarding... (Tony Hawk&#39;s Pro Skater 1+2),73919
0,aMtVV4Vwhsk,UCst9GLZ-X47MxWBmx9cCrKA,I Packed My 1st ICON In FIFA 21! (FIFA 21 Pack Opening),410740
0,DfL-IOoLnRw,UCG26bSkEjJc7SqGsxoHNnbA,Ğ¤Ğ°ĞºÑ‚Ñ‹ ICTV. Ğ¡Ğ¿Ğ¾Ñ€Ñ‚ 8:45 (03.11.2020),2178
0,cmkAbDUEoyA,UCVtTjaaajzCaWsMxHBmTIsA,"Live Beach Cam Hollywood Beach Broadwalk, Florida",14069976
0,YBuWJA_v3uA,UC5eeDHYjTWF9pPWYDKpVMYQ,LIVE ESQUENTA - AOS POUCOS,3854
0,cYdsBXC7ZR8,UC8gbWbcNNyb5-NIXvFklkOA,"York Harbor Beach, Maine USA",1846337
0,Bxn7TxUC1Cw,UCKZGcrxRAhdUi58Mdr565mw,Warning To Africans-New Potential Colonizer Has Asked Us To Stop Talking About China In Africa,132105
0,ygeo8mhPVMw,UCJun6w-iK72hiTKm1qXKySg,"×¦×™×œ×•××™ ×—×™× ×” ×•×•××¡×™×”×•×Ÿ ×•×™×™×©×™, ×¦×™×œ×•× ×—×ª×•× ×•×ª, ×¦×œ× ×—×ª×•× ×•×ª, ×—×ª×•× ×” ××ª×™×•×¤×™×ª 0506590193",3002
0,mube2Nzuryg,UCskIKQGpjI5sG2ZLtWLYSmw,ã€í´ë¦°ë²„ì „ã€‘ ì„ì˜ì›… - ë‚˜ëŠ” ìš¸ì—ˆë„¤ ğŸ’™ì‚¬ë‘ì˜ ì½œì„¼íƒ€ 20í™”ğŸ’™,467551
0,dh2IIYQ_0QA,UCj9Jvh2ZC-cfYwvm8iLBz1A,"Sea Animals Song - Fish, Crab, Sea shell Nursery Rhymes",1450058
0,uHttf6cxBvQ,UCX2zwj8tdQ1Iuk8rgld9Tkg,âœ© my fav sunscreens âœ©,17403
0,bighiOB_J04,UC-ULsqsUW_UB1F6i2rOo_uQ,"Chris Sabin: Motor City Machine Guns reunion, AJ Styles &quot;didn&#39;t like me at first&quot;, X Division",28100
0,D4MdHQOILdw,UCbDgBFAketcO26wz-pR6OKA,"Anjunadeep Radio â€¢ Live 24/7 â€¢ Best of Deep House, Chill, House, Progressive â€¢ Work From Home",4638126
0,spz_JAeTT-s,UCMmFploeak3D_aLA-CuqVtw,MATCH ACTION | S.P. Tre Fiori V Linfield 8/8/20,12792
0,BUT3KRaxML4,UCQrWS87-KWTTEpEl7sp_KjA,YO ME VOY DE LA VIDA | Fall Guys (Mejores Momentos #2),9976
0,hvlkBGEnOVQ,UC53flicePn0xri-jiq89WtQ,Amazing Food Cookies Decorating Ideas for Occasion | Best Cute Cookies Decorating Recipes,196952
0,q7RW5VHtDwY,UCst9GLZ-X47MxWBmx9cCrKA,I Became An Artist For 24 Hours....,87093
0,I1_VYvz3pfA,UCYDJqPEbFc2t4MEeYtYflTQ,The Amazing Places You Can Visit With A Small Trailer,10998
0,qSvDb7U0ers,UChr4i1Lxs7YS4_4usyKVyAQ,BIRD IN A CAGE short film trailer,197
0,524CItee7bE,UC82NOEHfqeXOLT8gNJB1mFw,THE MOST POPULAR PICKS FOR FIGHTER PASS 2 â€“ Aaronitmar,90880
0,0GN8t2u3flc,UCTHCOPwqNfZ0uiKOvFyhGwg,[ìƒë°©ì†¡] 24ì‹œê°„ í˜„ì¥ì„ ì „í•©ë‹ˆë‹¤ / ì—°í•©ë‰´ìŠ¤TV  (YonhapnewsTV),107735321
0,3tfLaRurm_k,UCskIKQGpjI5sG2ZLtWLYSmw,ã€í´ë¦°ë²„ì „ã€‘ F4 - ì‹ í† ë¶ˆì´ ğŸ’™ë½•ìˆ­ì•„í•™ë‹¹ 3í™”ğŸ’™,4113
0,Tv0ETQPnhVk,UCipgn3CtUuic0kXMpzNeA4A,Daru Badnaam X Con Calma Mashup | DJ Shadow Dubai | Kamal Kahlon Param Singh | Daddy Yankee Snow |,144395
0,6Ee09HjOfvI,UCqznv6zaRt1HEbUboOrP7Pw,Ø§Ø³Ø±ØªÙ†ÙŠ ÙŠØ§Ø­Ø¨ÙŠØ¨ÙŠ - Ø¨Ù†Ø¯Ø± Ø¨Ù† Ø¹ÙˆÙŠØ± &amp; ØµØ§Ù„Ø­ Ø§Ù„Ø²Ù‡ÙŠØ±ÙŠ | ( Ø­ØµØ±ÙŠØ§Ù‹ ) 2019,4484871
0,ttUeep3-n-M,UC9Z3ZrgSyFA75VQ5HpqSbtA,Khatharnak Comedy Scene From Lifeu Ishtene,8080
0,MwW_umUZhVM,UC9Z3ZrgSyFA75VQ5HpqSbtA,Lifeu Ishtene Propose scene | Krish Sounds,54468
0,XHZtSGbobVw,UCi4EwScq8ddaYz7guk1K50g,10 Years Anniversary | Haileybury Almaty history,2351
0,gcw_qD1wsBA,UC9Z3ZrgSyFA75VQ5HpqSbtA,Sakkath Comedy Scene Kalla Malla Sulla,2827
0,YF9c6pNO_gA,UC9Z3ZrgSyFA75VQ5HpqSbtA,Sakkath Comedy Scene,14803
0,PxdaTklv8N0,UC9Z3ZrgSyFA75VQ5HpqSbtA,Vijaya Rghavendra Sakkath Comedy Scene,7343
0,53AV93tR8Nk,UC9Z3ZrgSyFA75VQ5HpqSbtA,Masth Comedy By Ninasam Sathis &amp; Diganth | Lifeu Istene,53643
0,ukY9Mqir6Wo,UC18P2jZqlz90I7I69ifQhzQ,Eduk - Curso de biojoias com Edgar Moraes,2494
0,73dltpxod34,UCMmFploeak3D_aLA-CuqVtw,Linfield v Cliftonville 15/10/19,6649
0,Wiy9sCNvDeo,UC9Z3ZrgSyFA75VQ5HpqSbtA,ROMANTIC MASHUP SONGS | kannada all time favourite songs | Sandalwood Mashup | Sangeetha Rajeev,205353
0,49RpkZbI_YM,UCFjKZImEGGPqOz7P9UZ0IlQ,í´í‚´ (Paul Kim) - ë„ˆë€ ì£¼ì˜ë³´ [Official Video],299165
0,E98tDAXf6bY,UCwPrkAvJWAYYi_PRgUOu7BA,Conjunto para Teste do Sistema de Arrefecimento de AutomÃ³veis RAVEN - Loja do MecÃ¢nico,6530
0,zxyfRj7cpUU,UCn570qcYPpXz045Oeg0yQGQ,BARDERO$ - PURE DRUG [FULL ALBUM],3737488
0,6CDvTMKurEM,UCwPrkAvJWAYYi_PRgUOu7BA,Indicador Digital de Torques Angulares com Base MagnÃ©tica RAVEN - Loja do MecÃ¢nico,12175
0,Zp37Jw58ykQ,UCquZY3GHBO9tyuVXaDfQErw,"Vrushali Rejected Karthik Love Scene || Ammayi Devadas Aithe Movie || Vrushali, Karthik || MovieTime",1868
0,OywWFgXx4kU,UCZ1Fn8mbTmnho_mCEKdYSrA,Ù…Ø³Ù„Ø³Ù„ ÙˆØ§Ø¯ÙŠ Ø§Ù„Ø°ÙŠÙ”Ø§Ø¨ Ø§Ù„Ø¬Ø²Ø¡ 2 Ø§Ù„Ø­Ù„Ù‚Ø© 9,852647
0,jgFZJR54rsE,UCqheS9rd4_nojHk3H-FR2XQ,"Destiny: Full Team, 1 FoH - Epic Top 5 Titan Fist Of Havoc Plays Of The Week / Episode 199",134376
0,vJbJJmSUuRg,UCquZY3GHBO9tyuVXaDfQErw,"Deviputrudu Movie || Part 07/11 || Venkatesh, Soundarya, Anjala Zaveri",5205
0,BzQuIOZ5YGs,UCquZY3GHBO9tyuVXaDfQErw,"Deviputrudu Movie || Part 05/11 || Venkatesh, Soundarya, Anjala Zaveri",3194
0,9otvDy6s3-Y,UCn570qcYPpXz045Oeg0yQGQ,C.R.O - Amanecer,1030730
0,6shsJI-c9nk,UC-WGVHAIXEwolJVTbOPT0dA,Visai - Tamil Movie | Promo | Exclusive on Mishri Tamil Movies | COMING SOON,1923
0,QtK9eR0BJ18,UCn570qcYPpXz045Oeg0yQGQ,C.R.O - Virables,1941167
0,cZookQEHfe8,UCH-6ZJmpn-gspj_HBo4hBsA,Samsung - New Year. New You.,179354
0,w7d59V3WeKU,UC6LTMcxjuo6hXjAMIxZ0Liw,TrÃªs EspiÃ£s Demais | S04E06 Cada um Cuida da Sua MÃ­mica(Totally Spies),1465860
0,FToxNDikfbU,UC5i9ji_nljs6-mp0jz_hOHg,SILENCE Bande Annonce VF (Martin Scorsese ),34526
0,vFq9538zbBc,UCDfYcuNw-ff952Xn0VDWwDw,FNAF SECURITY BREACH - EVERYTHING SO FAR,955253
0,DOJOppa3GOY,UCYEWRYZaggmEj0lFzmwf7Jg,CULTE DOMINICAL - 13/09/2020,132955
0,da6Ueiwl19g,UCBn559xd7uPSFq4l4ODg-UA,EN Ä°YÄ° UDEMY EÄÄ°TÄ°MLERÄ°  - UYGUN FÄ°YATLI VE ETKÄ°LÄ° ğŸ‘,8514
0,ljBAlUOQAGE,UCQINXHZqCU5i06HzxRkujfg,"Relaxing Jazz: Sweet Jazz &amp; Bossa Nova for Work, Study, Reading",6106340
0,fyhrv5SImuU,UCQrWS87-KWTTEpEl7sp_KjA,La saga KINGDOM HEARTS en SWITCH... Â¿es IMPOSIBLE? Entrevista + NUEVA INFO de MELODY OF MEMORY,12066
0,cXz-CTH9Gu8,UCqznv6zaRt1HEbUboOrP7Pw,ÙŠÙˆØ³Ù Ø§Ù„Ø´Ù‡Ø±ÙŠ - ÙŠØ§Ø±ÙˆØ­ÙŠ (Ø­ØµØ±ÙŠØ§Ù‹) | 2020,8168862
0,tM9F0UmYxAc,UCDfYcuNw-ff952Xn0VDWwDw,SURGEON SIMULATOR 2,82149
0,MiPxp5YfL4M,UCUFDKjWgMvIVwGQj3j_L6zg,Valorant Champions Tour NA - HIGHLIGHTS 2022,1264
0,3ZoLHTAl5DM,UC18P2jZqlz90I7I69ifQhzQ,Cadeira que vira escada - projeto completo grÃ¡tis,1449
0,2ii7zbNq9fI,UCX33k1S7WbWAzl9fBDM3UfA,#à¤•à¥œà¤•à¥œà¤¡à¥‚à¤®à¤¾ à¤¶à¤®à¤¶à¤¾à¤¨ à¤˜à¤¾à¤Ÿ  à¤®à¥‡à¤‚ à¤ªà¥à¤°à¤¥à¤® à¤¸à¤‚à¤ªà¥€à¥œà¤¿à¤¤ à¤ªà¥à¤°à¤•à¥ƒà¤¤à¤¿à¤• à¤—à¥ˆà¤¸ (CNG) à¤ªà¥à¤°à¤£à¤¾à¤²à¥€ à¤¦à¥à¤µà¤¾à¤°à¤¾ à¤¨à¤¿à¤°à¥à¤®à¤¿à¤¤ à¤¶à¤µà¤¦à¤¾à¤¹à¤—à¥ƒà¤¹ à¤•à¤¾ à¤‰à¤¦à¤˜à¤¾à¤Ÿà¤¨,337
0,yDo5rvK1Cmc,UCskIKQGpjI5sG2ZLtWLYSmw,[4K ì„¸ë¡œì§ìº ] ì¥ë¯¼í˜¸ - í„°ë¯¸ë„ ğŸ’™ì‚¬ë‘ì˜ ì½œì„¼íƒ€ 52í™”ğŸ’™ë¬´í¸ì§‘ ì´ˆê³ í™”ì§ˆ ì„¸ë¡œì§ìº ,35794
0,FoBfXvlOR6I,UC2TuODJhC03pLgd6MpWP0iw,LIVE ä¸‰ç«‹æµ·å¤–ç›´æ’­ â”‚SET Live NEWSâ”‚SET LIVE ãƒ‹ãƒ¥ãƒ¼ã‚¹ã‚ªãƒ³ãƒ©ã‚¤ãƒ³æ”¾é€â”‚ëŒ€ë§Œ ì±„ë„SETë‰´ìŠ¤ 24ì‹œê°„ ìƒë°©ì†¡,74764459
0,_W5UfJQDv2Q,UC-crZTQNRzZgzyighTKF0nQ,News18 Punjab Live | Punjab Latest News | Bhagwant Mann | Punjabi News Live | Breaking NewsToday,88696503
0,CKjSm5ZeehE,UCoNYj9OFHZn3ACmmeRCPwbA,ä¸‰ç«‹ iNEWS æ–°è ON AIR â”‚SET iNEWS LIVEâ”‚SET iNEWS ãƒ‹ãƒ¥ãƒ¼ã‚¹ã‚ªãƒ³ãƒ©ã‚¤ãƒ³ç”Ÿæ”¾é€,41195942
0,O8bZF_UhPag,UCzcn2eAUHZ2Ba3x7hZF6q2w,Just Good Music 24/7 Stay See Live Radio ğŸ§,6203945
0,CFTsK5HXQM0,UCVryAb6wDVmvtBooYh9JIMQ,VK MIRAD UNIPO PreÅ¡ov vs. VK KDÅ  Å port KoÅ¡ice,37
0,o5QbDnHq6zc,UC9p9wxkdAmb5c6T4abq__IA,ÙƒØ±ÙˆØ§ØªÙŠØ§ Ùˆ ÙƒÙ†Ø¯Ø§ ÙƒØ§Ø³ Ø§Ù„Ø¹Ø§Ù„Ù… 2022 Ù‚Ø·Ø±,4980
0,hVke4zdw6Ec,UC18P2jZqlz90I7I69ifQhzQ,Com uma bexiga se faz muita coisa - @Fazendo Mundo - por Edgar Moraes,635
0,wuC8wRvXock,UCFyohCp_Vx6WC82DiJ0l88w,"ã€LIVEã€‘äº¬éƒ½ éŒ¦å¸‚å ´ãƒ©ã‚¤ãƒ–ä¸­ç¶™ã‚«ãƒ¡ãƒ©ï¼ˆäº¬éƒ½å¸‚è¦³å…‰å”ä¼šå…¬å¼ï¼‰ï¼Nishiki Market, Kyoto Live camera",969232
0,1KIucmaYkmU,UCfYrK5JU5EznsnK3wQE7iIg,TV Aparecida - AO VIVO,66970222
0,AEW0gSzNlqQ,UC8YFOP87ktce_6EqAmtzOqQ,Flexible Extension Drill Extension,283135
0,g15eaKXmATw,UC18P2jZqlz90I7I69ifQhzQ,TÃ¡bua de churrasco diferente - fazendotbt,791
0,HA1gAHjV7zA,UC-0865F-rwHyus-V1JsmD6Q,P.S I LOVE YOU Full movie (SHARON &amp; GABBY),105032
0,DYNPC6l0vzE,UC-0865F-rwHyus-V1JsmD6Q,Bakit ikaw parin (Gabby &amp; Sharon),5843
0,1H2Wr_xreCU,UCj4WFPrjuRueDS4gtZ0gu8w,Vlogs zalan Bajaur today Friend,29
0,Azbdr5jbN6o,UCuY1i-Tic2G2xmox2_0h-Fw,ã€LIVEã€‘ã„ã¾ã®æ–°åƒæ­³ç©ºæ¸¯ï¼Live streaming from Hokkaidoã€€ New Chitose Airportã€€åŒ—æµ·é“ï½ï½å¤©æ°—ã‚«ãƒ¡ãƒ©,2236228
0,eFzqaGEQky8,UC8YFOP87ktce_6EqAmtzOqQ,Weld Metal Repair Paste Review 2021- Does it Workï¼Ÿ,125940381
0,sexGni27cPg,UC-0865F-rwHyus-V1JsmD6Q,Pati ba pintig ng puso? - Sharon Cuneta &amp; Gabby Concepcion,14585
0,-Qm41psjysQ,UC8YFOP87ktce_6EqAmtzOqQ,Pocket Chainsaw Demo 2021- Does it Workï¼Ÿ,37525558
0,DdcGwZssYQA,UC7hMKecqmAVENYPRX0nhV4g,Access the Top Jobs in Motorsport with the Master&#39;s Business of Motorsport from the NMA,111618
0,CHFK89VVUzU,UCqHZABB9AaRayi5D7P54OwQ,"Elon Musk: Bitcoin &amp; Ethereum is CRASHING!? Binance Buying FTX, What&#39;s Next - Live Conference",3255
0,unakqLTMAB4,UCgNBQ2YM_9fxobXYkiqMC6w,histÃ³rinha,4
0,QqntH7q5ojo,UCGbexyIa0tgcHISmGjjPDww,my thoughts on Fortnite dying...,94613
0,ms4-iI3gv3s,UCiWS-L9I037Fgm_TuEpWnxw,oka like oka subscribe,538
0,f9dVWHKRP8o,UCUaLy1_4rsLo4HyCLCPlD4g,LIVE webcam LANZAROTE BEACH | LanzaroteWebcam,4506410
0,3x3PK8qdH1w,UCqswUMaC5yWUrkQszr8fuBA,Feeling Good Radio â€¢ Nonstop Deep &amp; Chill Music 24/7,6900339
0,SqHIO2zhxbA,UCn6dNfiRE_Xunu7iMyvD7AA,HabertÃ¼rk TV CanlÄ± YayÄ±n á´´á´°,198339881
0,LEiwodAHMX4,UCp-in92SvZBAup5ftekn2fg,Î¬ÏÎ¿ÏƒÎ¹Ï‚ - Î¡ÎµÎ²ÏÎ¸Î¹Î± Î“ÏÎµÎ²ÎµÎ½ÏÎ½,97467
0,S8ig50HSXd4,UCnAEoLb1TThyVBLEVnVIyzQ,#Iraqimusic Ø§ØºØ§Ù†ÙŠ Ø¹Ø±Ø§Ù‚ÙŠØ© Ù‚Ø¯ÙŠÙ…Ø© Ø§ØºØ§Ù†ÙŠ Ø¹Ø±Ø§Ù‚ÙŠØ© Ù‚Ø¯ÙŠÙ…Ø© Milo Hamama #Iraqi music 2  ××•×¡×™×§×” ×¢×™×¨××§×™×ª,0
0,8jEXHzMTR7s,UCndsdUW_oPLqpQJY9J8oIRg,tv100 - CanlÄ± YayÄ±n á´´á´°,52077064
0,d0dB3kSCMmM,UCSzOZ97LOpU-_AVlGfmD4rQ,Bhakthi TV Live | Telugu Devotional Channel Live | Bhakthi TV Official,21662801
0,R2iMq5LKXco,UCR3asjvr_WAaxwJYEDV_Bfw,EBC æ±æ£®æ–°è 51 é »é“ 24å°æ™‚ç·šä¸Šç›´æ’­ï½œTaiwan EBC 24h live newsï½œå°æ¹¾ EBC ãƒ‹ãƒ¥ãƒ¼ã‚¹24 æ™‚é–“ã‚ªãƒ³ãƒ©ã‚¤ãƒ³æ”¾é€ï½œëŒ€ë§Œ ë‰´ìŠ¤ ìƒë°©ì†¡,248923517
0,a8t3ERawYoE,UCRnZNmnF3NMCaxl5aA7o3hQ,APOIE O CANAL - SUPPORT THE CHANNEL | SUPER CHATS &amp; SUPER STICKERS,0
0,6uddGul0oAc,UCJhjE7wbdYAae1G25m0tHAA,TOKYO Cafe: Beautiful Relaxing Jazz Piano Music for Stress Relief - Night Coffee Shop Ambience,16752791
0,MKQkrPCelR0,UCqznv6zaRt1HEbUboOrP7Pw,Ù…Ø³Ø¹ÙˆØ¯ Ø¨Ù† Ø´Ø¹ÙÙˆÙ„ - Ø³Ø±Ø§ Ù„ÙŠÙ„ÙŠ (Ø­ØµØ±ÙŠØ§Ù‹) | 2021,266985
0,WB-y7_ymPJ4,UCZFMm1mMw0F81Z37aaEzTUA,NDTV 24x7 Live TV: PM Modi | Gujarat Election | AAP | Shraddha Murder Case | FIFA World Cup,117385228
0,kuGsUIb6WcI,UC8YFOP87ktce_6EqAmtzOqQ,Universal Multifunctional Hammer,374030
0,K30EUB8FhUU,UC8YFOP87ktce_6EqAmtzOqQ,How to Repair Electrical Back Box in just 30 seconds !,8965034
0,9FQSbI2A9nI,UC8YFOP87ktce_6EqAmtzOqQ,Deep Water Fishing Magnet - Does it Workï¼Ÿ,26721190
0,KusHybhaiPI,UCtf2ASKWEcwN6Ou1Nx9GN3g,Red Dead Online: Train Griefer + Bonus Clip Torturing Another Griefer,645
0,xLdGBzNXfck,UClH3eUwzfDTXxUjM8WIJuOg,"turning twenty one ğŸ’ presents, sushi and cake | vlog",95382
0,InZps1KVg8E,UC8YFOP87ktce_6EqAmtzOqQ,Adjustable Tile Hole Locator,11653214
0,_TEUHgVo0kw,UCqznv6zaRt1HEbUboOrP7Pw,Ù…Ù‡Ù†Ø¯ Ø§Ù„ÙˆÙ„ÙŠØ¯ÙŠ - Ø£Ø­Ø¨Ø§Ù„ Ø§Ù„Ù…ÙˆØ§ØµÙ„ (Ø¹ÙˆØ¯) | 2021,46511
0,AOxCoGlRH24,UCKUyqTCe-s0SVeLQbayv3hA,"ğŸ”´ LIVE Explore the World with Disney Princesses | Moana, Jasmine, Rapunzel &amp; More | Disney Princess",42364
0,Dd7YbWyPcQo,UCKnBdffdcxV9-Pi6rU9y7UQ,"Perpetual Adoration live from St Benedict&#39;s, Melbourne",11001849
0,A6emXttXuN8,UCJe57torobjJdJYwEPmBflw,Ø£Ø¬ÙŠ ØªÙØ¹Ù’Ø±ÙÙÙ’ Ø¹Ù„ÙŠØ§ ÙƒØ«Ø± Ø£Ø«Ù†Ø§Ø¡ Ù…Ø±ÙˆØ±ÙŠ Ø¹Ù„Ù‰ Ø§Ù„Ù‚Ù†Ø§Ø© Ø§Ù„Ø«Ø§Ù…Ù†Ø©,1269
0,sCwAuqQcC8Y,UCZjwEtQNJq81y7798ib6dUQ,"LALAKE NAKITA ANG BATANG NAG-IISA SA PARK,ANO KAYA ANG DAHILAN KUNG BAKIT SILA PINAGTAGPO!|LOURDTV",341279
0,p0Wzc224VXk,UCb5LaHB25OEBhgEZ89ESzDA,Watching Godzilla vs. Kong Trailer. (Insane clips) Team Kong.,36
0,7mI_pNi5XxI,UCjy_2jUVJ0DbJ_IX8P2t1AA,NIGHT TIME ROUTINE OF A MOM! EVENING ROUTINE 2017 | Hayley Paige,1186536
0,GF2_Pqy5Wcw,UCSn0_ckKBvHeZLokQjjVXww,GTA 5 ONLINE ğŸ· LTS ğŸ·N*198ğŸ· NASCONDINO VS PARKOUR !!! ğŸ· GTA 5 ITA ğŸ· DAJE !!!!!!!,95827
0,b3z-d5kaXWw,UCxC9MfDAmBZ9VKORic6JK0A,10 Super Villains That Need To Be In Young Justice Season 3  Outsiders,87315
0,0Trl6JkYaE4,UCqheS9rd4_nojHk3H-FR2XQ,Destiny: My Insane Grasp Of Malok Roll! Best Grasp Roll Possible? G.O.M Gameplay!,66269
0,9otvDy6s3-Y,UCn570qcYPpXz045Oeg0yQGQ,C.R.O - Amanecer,1030730
0,6shsJI-c9nk,UC-WGVHAIXEwolJVTbOPT0dA,Visai - Tamil Movie | Promo | Exclusive on Mishri Tamil Movies | COMING SOON,1923
0,QtK9eR0BJ18,UCn570qcYPpXz045Oeg0yQGQ,C.R.O - Virables,1941167
0,8tD8zKl33i8,UCipgn3CtUuic0kXMpzNeA4A,Ae Dil Hai Mushkil - Channa Mereya vs Believe | DJ Shadow Dubai Mashup,705686
0,ZMzctDNSibI,UCT-9q_LREEyEFaBGwpgdlHA,Instrumental Christmas Music  - canciones y villancicos de navidad instrumental alegre,446786
0,DwqThdD1erQ,UC4Kzi8qjhMWOrfueGuB8B3A,Freestyle JalapeÃ±o 3 [Video Oficial] - Kapuchino,69438
0,DuV_mdA7r-Q,UCxC9MfDAmBZ9VKORic6JK0A,Captain Cold Origin (The Flash),144632
0,reVO990zHCg,UCZ1Fn8mbTmnho_mCEKdYSrA,ÙˆØ§Ø¯ÙŠ Ø§Ù„Ø°ÙŠÙ”Ø§Ø¨ Ø§Ù„Ø¬Ø²Ø¡8 Ø§Ù„Ø«Ø§Ù…Ù† Ø§Ù„Ø­Ù„Ù‚Ø© 46 Ù…Ø¯Ø¨Ù„Ø¬ Ù„Ù„Ø¹Ø±Ø¨ÙŠØ© HD,5179840
0,37zOAavGups,UCxC9MfDAmBZ9VKORic6JK0A,Young Justice Season 3 Update,358280
0,i8PEb7sKcvg,UC6LTMcxjuo6hXjAMIxZ0Liw,TrÃªs EspiÃ£s Demais | S05E25 Loucura Total Parte 1(TotallySpies),906278
0,c8Bgux59dU8,UC_DZQrnboIncQCBB7QdMKOg,(1/2) WisÅ‚a KrakÃ³w - Ruch ChorzÃ³w | CAÅY MECZ | Ekstraklasa 2015/16 | 14. Kolejka,412
0,9VueS68XLhs,UCSn0_ckKBvHeZLokQjjVXww,GTA 5 ONLINE ğŸ· PARKOUR DEATHMATCH HARD ğŸ·N*60ğŸ· GTA 5 ITA GAMEPLAY ğŸ· DAJE !!!!!!!,243039
0,Wa_A1c-6E-E,UCSn0_ckKBvHeZLokQjjVXww,GTA 5 ONLINE ğŸ· LTS ğŸ·N*19ğŸ· PARKOUR VS RAPTOR ğŸ· GTA 5 GAMEPLAY ITA ğŸ· DAJE !!!!!!!,474532
0,VqWm4w15-9w,UCSn0_ckKBvHeZLokQjjVXww,GTA 5 ONLINE ğŸ· LTS ğŸ·N*17ğŸ· T20 VS RPG ( Bowling 3.0 ) ğŸ· GTA 5 GAMEPLAY ITA ğŸ· DAJE !!!!!!!,84612
0,OcoR_IgJyfU,UCxC9MfDAmBZ9VKORic6JK0A,How Did Deathstroke Lose His Eye? (Son Of Batman),850699
0,idF_6qx7N68,UCipgn3CtUuic0kXMpzNeA4A,Kitni Bechain Hoke | Kasoor | Udit Narayan &amp; Alka Yagnik |  DJ Shadow Dubai Remix,510501
0,GDTQOgYWFs4,UCZZdDA7zinOMi2rJWLhzseQ,MANIFEST HEART - &quot;Into the Depths&quot; // Ep3P1 - Fan-Made PokÃ©mon Anime,139690
0,CMhGIhymhGY,UCE_YoShdNKUEy8wNTtctnRw,Cavalier King Charles Spaniel Dog Breed Advice,289412
0,6HAQMIs6PVw,UCE_YoShdNKUEy8wNTtctnRw,German Shepherd Dog Breed Guide,1225275
0,XkJ_-Hf7ARg,UC9Z3ZrgSyFA75VQ5HpqSbtA,"Lucky Kannada Movie - Naa Yen Madli Video Song | Full HD | Yash, Ramya",427112
0,zGHBbldElkQ,UCquZY3GHBO9tyuVXaDfQErw,"Jyothika &amp; Her Family Sentiment Scene || June 7  Movie || Suriya, Jyothika",110
0,qhK98OkfC0I,UCquZY3GHBO9tyuVXaDfQErw,Nikhil  &amp; Pooja Bose Comedy Love Scene || Veedu Theda Telugu  Movie || Nikhil  &amp; Pooja Bose,2569
0,3cRinUyU0Ns,UCquZY3GHBO9tyuVXaDfQErw,Master Bharath Wondeful Comedy Scene || Veedu Theda Telugu  Movie || Nikhil  &amp; Pooja Bose,508
0,OiTg4CAJO4I,UCquZY3GHBO9tyuVXaDfQErw,MS Narayana Mahesh Kaleja Style Comedy Scene || Veedu Theda Telugu  Movie || Nikhil  &amp; Pooja Bose,3158
0,ioFMZg72tqc,UCquZY3GHBO9tyuVXaDfQErw,MS Narayana Best Comedy Simha Style || Veedu Theda Telugu  Movie || Nikhil  &amp; Pooja Bose,65
0,_j5FJ92haUA,UC9Z3ZrgSyFA75VQ5HpqSbtA,"Hoovina Santhege Video Song | Lucky Kannada Movie | Full HD | Yash, Ramya",4647876
0,cdV-po_4hhU,UCn570qcYPpXz045Oeg0yQGQ,Bardero$ - Sin Camiseta (Official Video),1832532
0,nW7cTV77CdI,UCqra4Lzndm4H0LB-zwOqbxQ,Hakuouki SSL: Sweet School Life - EP5 | Saved by the Hottest Boys in School [Eng Sub],222120
0,npZh8sPZnfs,UC9Z3ZrgSyFA75VQ5HpqSbtA,"Andar Baahar - Maleyali Minda | Shivraj Kumar, Parvathi Menon",735068
0,i4g-h1JMZXI,UCn570qcYPpXz045Oeg0yQGQ,Bardero$ - Llevame (Official Video),22132631
0,C29vxBiBcQg,UCL3tgSE8sESV14mt88suQ3Q,Las troleadas de One Piece y Eiichiro Oda! Parte 2!,70692
0,P2hn3rfW2XU,UCn570qcYPpXz045Oeg0yQGQ,BARDERO$ - BARDO,15773441
0,hv-1i5RJTI4,UCE3IDCVspz1F61yBJc1-LFw,Clips perrones ğŸ¥µğŸ˜ğŸ¥¶ // FREE FIRE,89
0,d1CB1Kk7mFM,UCst9GLZ-X47MxWBmx9cCrKA,The Official Longest Wallride In GTA 5,163067
0,9k_sg8rhsgk,UCzkaQrI9-nSv373EvK5p0SQ,Duluth Canal Cam,18664089
0,5D0yu926kKI,UCdKdmvjGSkT5CJlZGamPaYQ,SITUAÃ‡Ã•ES QUE FORAM UM SURTO COLETIVO NA TV!!! *vergonha alheia* ğŸ¤£ğŸ¤£ğŸ¤£ | KlÃ©bio Damas,77625
0,DyXq88MrAVQ,UCgRBRE1DUP2w7HTH9j_L4OQ,COVID in India: What Went Wrong? [FUNDRAISER],271354
0,pcb2fIw7D1w,UCst9GLZ-X47MxWBmx9cCrKA,Can You Survive 100 Windmills In GTA 5?,150883
0,IQucYN2kmYo,UCRSA_VNqXBMkXH7GZflIlhw,Fondos Digitales para ComposiciÃ³n en Photoshop,2269
0,_L-Bb3baLqc,UC9lRSat3J2IhZ0_TOV-XNzA,They&#39;re Coming!,203018
0,iIMF2_gjkvk,UCst9GLZ-X47MxWBmx9cCrKA,Hacker Makes GTA 5 Impossible Wallride Even MORE Impossible!,156544
0,PCSqGh-7w4Y,UCUMSVLEIspK7vRSzDIrZDgw,"AlÄƒturi de oameni, Ã®n imobiliare, pe viaÈ›Äƒ | BLITZ",172038
0,_RbiLonPv-Q,UCX33k1S7WbWAzl9fBDM3UfA,EDMC à¤®à¥‡à¤‚ à¤µà¤¿à¤ªà¤•à¥à¤· à¤•à¥€ à¤­à¥‚à¤®à¤¿à¤•à¤¾ à¤¨à¤¿à¤­à¤¾ à¤°à¤¹à¥‡ à¤®à¤¨à¥‹à¤œ à¤¤à¥à¤¯à¤¾à¤—à¥€ à¤•à¥‹ à¤à¤• à¤¬à¤¾à¤° à¤«à¤¿à¤° à¤¸à¥‡ à¤•à¤®à¤¾à¤¨à¥¤,137
0,FoBfXvlOR6I,UC2TuODJhC03pLgd6MpWP0iw,LIVE ä¸‰ç«‹æµ·å¤–ç›´æ’­ â”‚SET Live NEWSâ”‚SET LIVE ãƒ‹ãƒ¥ãƒ¼ã‚¹ã‚ªãƒ³ãƒ©ã‚¤ãƒ³æ”¾é€â”‚ëŒ€ë§Œ ì±„ë„SETë‰´ìŠ¤ 24ì‹œê°„ ìƒë°©ì†¡,74764459
0,_W5UfJQDv2Q,UC-crZTQNRzZgzyighTKF0nQ,News18 Punjab Live | Punjab Latest News | Bhagwant Mann | Punjabi News Live | Breaking NewsToday,88696503
0,CKjSm5ZeehE,UCoNYj9OFHZn3ACmmeRCPwbA,ä¸‰ç«‹ iNEWS æ–°è ON AIR â”‚SET iNEWS LIVEâ”‚SET iNEWS ãƒ‹ãƒ¥ãƒ¼ã‚¹ã‚ªãƒ³ãƒ©ã‚¤ãƒ³ç”Ÿæ”¾é€,41195942
0,NVpwwviyC3A,UCst9GLZ-X47MxWBmx9cCrKA,GTA 5 But It&#39;s Parkour With Formula 1 Cars,178953
0,O8bZF_UhPag,UCzcn2eAUHZ2Ba3x7hZF6q2w,Just Good Music 24/7 Stay See Live Radio ğŸ§,6203945
0,CFTsK5HXQM0,UCVryAb6wDVmvtBooYh9JIMQ,VK MIRAD UNIPO PreÅ¡ov vs. VK KDÅ  Å port KoÅ¡ice,37
0,27hkd_dx4No,UCst9GLZ-X47MxWBmx9cCrKA,I Completed This 99% Impossible Wallride In GTA 5,199734
0,wuC8wRvXock,UCFyohCp_Vx6WC82DiJ0l88w,"ã€LIVEã€‘äº¬éƒ½ éŒ¦å¸‚å ´ãƒ©ã‚¤ãƒ–ä¸­ç¶™ã‚«ãƒ¡ãƒ©ï¼ˆäº¬éƒ½å¸‚è¦³å…‰å”ä¼šå…¬å¼ï¼‰ï¼Nishiki Market, Kyoto Live camera",969232
0,ln3CDdEo4mg,UCX33k1S7WbWAzl9fBDM3UfA,"à¤¡à¥‰.à¤­à¥€à¤®à¤°à¤¾à¤µ à¤…à¤‚à¤¬à¥‡à¤¡à¤•à¤° à¤•à¥€ à¤ªà¥à¤°à¤¤à¤¿à¤®à¤¾ à¤•à¤¾ à¤‰à¤¦à¥à¤˜à¤¾à¤Ÿà¤¨ à¤ªà¤° K.P. Singh, Engineer in Chief",168
0,1KIucmaYkmU,UCfYrK5JU5EznsnK3wQE7iIg,TV Aparecida - AO VIVO,66970577
0,-RMKqa9jZhc,UCTUO_3bYr50vmH0aE7byMjg,The 3 most OP buffed heroes in 7.29,338509
0,ibXl3b-VoOQ,UC-0865F-rwHyus-V1JsmD6Q,Maging sino ka man (Sharon &amp; robin),327
0,ukueul5BLJE,UCkfTUab0xxTMPRTNgs9vMCQ,The Hunt for King Slime&#39;s Blade! Terraria Eternity Mode Let&#39;s Play #6,161783
0,1H2Wr_xreCU,UCj4WFPrjuRueDS4gtZ0gu8w,Vlogs zalan Bajaur today Friend,29
0,eFzqaGEQky8,UC8YFOP87ktce_6EqAmtzOqQ,Weld Metal Repair Paste Review 2021- Does it Workï¼Ÿ,125940381
0,sexGni27cPg,UC-0865F-rwHyus-V1JsmD6Q,Pati ba pintig ng puso? - Sharon Cuneta &amp; Gabby Concepcion,14585
0,CHFK89VVUzU,UCqHZABB9AaRayi5D7P54OwQ,"Elon Musk: Bitcoin &amp; Ethereum is CRASHING!? Binance Buying FTX, What&#39;s Next - Live Conference",3309
0,3x3PK8qdH1w,UCqswUMaC5yWUrkQszr8fuBA,Feeling Good Radio â€¢ Nonstop Deep &amp; Chill Music 24/7,6900353
0,SqHIO2zhxbA,UCn6dNfiRE_Xunu7iMyvD7AA,HabertÃ¼rk TV CanlÄ± YayÄ±n á´´á´°,198339881
0,S8ig50HSXd4,UCnAEoLb1TThyVBLEVnVIyzQ,#Iraqimusic Ø§ØºØ§Ù†ÙŠ Ø¹Ø±Ø§Ù‚ÙŠØ© Ù‚Ø¯ÙŠÙ…Ø© Ø§ØºØ§Ù†ÙŠ Ø¹Ø±Ø§Ù‚ÙŠØ© Ù‚Ø¯ÙŠÙ…Ø© Milo Hamama #Iraqi music 2  ××•×¡×™×§×” ×¢×™×¨××§×™×ª,0
0,o60nWNCRx3E,UClH3eUwzfDTXxUjM8WIJuOg,"a day in edinburgh ğŸŒğŸ’ğŸŒ¸ studying, sun, walks and thoughts",110012
0,IN_N3PkdUE4,UCDfYcuNw-ff952Xn0VDWwDw,So when will FNaF Security Breach release? My thoughts!!!,190518
0,8jEXHzMTR7s,UCndsdUW_oPLqpQJY9J8oIRg,tv100 - CanlÄ± YayÄ±n á´´á´°,52077064
0,d0dB3kSCMmM,UCSzOZ97LOpU-_AVlGfmD4rQ,Bhakthi TV Live | Telugu Devotional Channel Live | Bhakthi TV Official,21662801
0,R2iMq5LKXco,UCR3asjvr_WAaxwJYEDV_Bfw,EBC æ±æ£®æ–°è 51 é »é“ 24å°æ™‚ç·šä¸Šç›´æ’­ï½œTaiwan EBC 24h live newsï½œå°æ¹¾ EBC ãƒ‹ãƒ¥ãƒ¼ã‚¹24 æ™‚é–“ã‚ªãƒ³ãƒ©ã‚¤ãƒ³æ”¾é€ï½œëŒ€ë§Œ ë‰´ìŠ¤ ìƒë°©ì†¡,248923517
0,6uddGul0oAc,UCJhjE7wbdYAae1G25m0tHAA,TOKYO Cafe: Beautiful Relaxing Jazz Piano Music for Stress Relief - Night Coffee Shop Ambience,16752812
0,COIEBb6DGWk,UC8YFOP87ktce_6EqAmtzOqQ,Universal Super Glue - Does it workï¼Ÿ,30107725
0,Gsrki95Ox4A,UCJYSHaxWbDhYgh-PH0nashw,Leathercraft ASMR [ Zipper Wallet ] #shorts,103897
0,MKQkrPCelR0,UCqznv6zaRt1HEbUboOrP7Pw,Ù…Ø³Ø¹ÙˆØ¯ Ø¨Ù† Ø´Ø¹ÙÙˆÙ„ - Ø³Ø±Ø§ Ù„ÙŠÙ„ÙŠ (Ø­ØµØ±ÙŠØ§Ù‹) | 2021,266985
0,WB-y7_ymPJ4,UCZFMm1mMw0F81Z37aaEzTUA,NDTV 24x7 Live TV: PM Modi | Gujarat Election | AAP | Shraddha Murder Case | FIFA World Cup,117385525
0,j1YqZsoTKyw,UC53flicePn0xri-jiq89WtQ,Top 10 Clever and Stunning Cupcakes | Fun and Creative Cupcake Decorating Ideas | So Yummy Cake,235008
0,9FQSbI2A9nI,UC8YFOP87ktce_6EqAmtzOqQ,Deep Water Fishing Magnet - Does it Workï¼Ÿ,26721190
0,3FDhhhJbcm0,UCGbexyIa0tgcHISmGjjPDww,The Fortnite Season 6 EVENT leaked... (New Map Changes),135833
0,G3RF_PIrDgA,UCTUO_3bYr50vmH0aE7byMjg,3 plays that instantly end the game,269560
0,Dd7YbWyPcQo,UCKnBdffdcxV9-Pi6rU9y7UQ,"Perpetual Adoration live from St Benedict&#39;s, Melbourne",11001849
0,KOFmYIrUoVc,UCst9GLZ-X47MxWBmx9cCrKA,"We Packed A 2,500,000 Coin Player &amp; Icon! (FIFA 21 Pack Opening)",121504
0,4mFx2o3lp5Q,UC8YFOP87ktce_6EqAmtzOqQ,Wood Angle Shaping Wheel,2338386
0,knj8_8LjO-Q,UC8YFOP87ktce_6EqAmtzOqQ,Powerful Sharp Cut Disc Drill Blades 2021,9262039
0,A6emXttXuN8,UCJe57torobjJdJYwEPmBflw,Ø£Ø¬ÙŠ ØªÙØ¹Ù’Ø±ÙÙÙ’ Ø¹Ù„ÙŠØ§ ÙƒØ«Ø± Ø£Ø«Ù†Ø§Ø¡ Ù…Ø±ÙˆØ±ÙŠ Ø¹Ù„Ù‰ Ø§Ù„Ù‚Ù†Ø§Ø© Ø§Ù„Ø«Ø§Ù…Ù†Ø©,1269
0,stqUhe9EWWE,UCSn0_ckKBvHeZLokQjjVXww,GTA 5 ONLINE ğŸ· TRIAL NEL SOTTOMARINO !!! ğŸ· GARE PARKOUR ğŸ·N*191ğŸ· GTA 5 ITA ğŸ· DAJE !!!!!!,205844
0,RUE8VWlj9DU,UCDfYcuNw-ff952Xn0VDWwDw,Try Not To Get SCARED (Short Horror Films),77412
0,pVb_iJX3W-c,UCqra4Lzndm4H0LB-zwOqbxQ,I Cannot Hug You - EP1 | You Taste Good [Eng Sub],91645
0,2olDlbYoVaE,UCqheS9rd4_nojHk3H-FR2XQ,Apex Legends News - 10 New Legends LEAKED!! - Wallrunners &amp; New Robot / Octane &amp; Wattson,71888
0,H-ATfSQX_Vk,UCst9GLZ-X47MxWBmx9cCrKA,CRACKDOWN 3 - First 51 Minutes of Gameplay (Crackdown 3),74624
0,ugtwOa1tva0,UCst9GLZ-X47MxWBmx9cCrKA,1000% IMPOSSIBLE VEHICLE PARKOUR! (GTA 5),188188
0,CUS68O-sePk,UCtPzSUuFFHQZr-Cv7YRr2Fg,A Human Rights Activist who Publicized the Issue of FGM to the World - Waris Dirie,1026
0,ohOYkqCLqts,UCfmHEUaH2TWjvo3tLMMGBNw,PIDO - Face My Fears (Best Drops Ever Release),127518
0,QE9kUL8xI3c,UCLHjm8fbeftCsy6BzuKh2hw,LIVE: SIMPLE SESSION 2019 â€“ BMX PARK Qualifiers,78909
0,YMcAkpN77js,UCLHjm8fbeftCsy6BzuKh2hw,FULL SHOW: SIMPLE SESSION 19: BMX STREET QUALIFIERS | REPLAY,1053185
0,NyDGachyx_o,UCLHjm8fbeftCsy6BzuKh2hw,FULL SHOW: SIMPLE SESSION 19: SKATE QUALIFIERS | REPLAY,1051601
0,XEJM4Hcgd3M,UC9TDTjbOjFB9jADmPhSAPsw,NTV - CanlÄ± YayÄ±n á´´á´°,264670758
0,JJs_O-P4yGs,UCfa41rAPcoJPO5aVb0Bd9Aw,Jeena Tu  I  Sekel Jeet  I  Official Music Video   I  New Hindi Christian Worship Song,754265
0,MZnR-bb4fpk,UCst9GLZ-X47MxWBmx9cCrKA,BIGGEST MINIGOLF ROLLERCOASTER EVER! (Golf It),121686
0,coYw-eVU0Ks,UCGCZAYq5Xxojl_tSXcVJhiQ,JapaNews24 ï½æ—¥æœ¬ã®ãƒ‹ãƒ¥ãƒ¼ã‚¹ã‚’24æ™‚é–“é…ä¿¡,158907819
0,Glou3zjx8A8,UCipgn3CtUuic0kXMpzNeA4A,Arijit Singh Birthday Special TOP 10 | DJ Shadow Dubai Remixes | Audio Jukebox,1622412
0,vJbJJmSUuRg,UCquZY3GHBO9tyuVXaDfQErw,"Deviputrudu Movie || Part 07/11 || Venkatesh, Soundarya, Anjala Zaveri",5205
0,BzQuIOZ5YGs,UCquZY3GHBO9tyuVXaDfQErw,"Deviputrudu Movie || Part 05/11 || Venkatesh, Soundarya, Anjala Zaveri",3194
0,kYsGkw3igSw,UCqheS9rd4_nojHk3H-FR2XQ,Destiny: Insane Top 5 Trials Of Osiris Plays Of The Week / Episode 187,112273
0,0T8MxD37X_s,UCst9GLZ-X47MxWBmx9cCrKA,EXPLORING UNDERWATER (Bermuda: Lost Survival #2),121844
0,U0ZVo4kK3VM,UCn570qcYPpXz045Oeg0yQGQ,C.R.O &amp; Fazzini - Behind Me ğŸ‘© (OfficialVideo),37404914
0,I7D2ToCwJxo,UCn570qcYPpXz045Oeg0yQGQ,Homer el Mero Mero  â€¢  BigH,8297821
0,7mI_pNi5XxI,UCjy_2jUVJ0DbJ_IX8P2t1AA,NIGHT TIME ROUTINE OF A MOM! EVENING ROUTINE 2017 | Hayley Paige,1186536
0,x5Q6ZRgtuIw,UCskIKQGpjI5sG2ZLtWLYSmw,ë¯¸ìŠ¤í„°íŠ¸ë¡¯ ì˜íƒ ê³¡ëª¨ìŒ â­12ê³¡ ì—°ì†ë“£ê¸°â­,6673907
0,9jEcSYzd6vY,UCgaiUkHAOhG6ynlboA8YAaA,Spies in Disguise (2019) Final Battle with healthbars 1/2,1088685
0,rZq2kEzeTMY,UCxC9MfDAmBZ9VKORic6JK0A,Upcoming DC Animated Shows In 2019,126377
0,KPPMqLcNJpk,UCd3CjPIGw8AofEuRnAP2otw,KOZIOÅEK MATOÅEK - 1H Bajek Dla Dzieci - HD,534982
0,p6SUK7ih7vs,UCDfYcuNw-ff952Xn0VDWwDw,CLIMBING WITH MANGLE TO ATTACK THE NIGHT GUARD! || Five Nights at Freddy&#39;s Simulator,128549
0,cArl1H1eGHQ,UCst9GLZ-X47MxWBmx9cCrKA,"How To Earn $1,000,000 In 10 Minutes...",101628
0,296DTEnkYsw,UCq0u12Wsjeo3mw0f5jhFvIQ,Tarbiyah online madrasah | Professor Mokhter Ahmad,3401
0,-qBoLGyajoE,UCiWS-L9I037Fgm_TuEpWnxw,WWE,91
0,TrVB_v6VB8I,UC8YFOP87ktce_6EqAmtzOqQ,Metal Repair Gel | Metal Repair Without Welding,308572
0,yE7nLnmm8o8,UCVryAb6wDVmvtBooYh9JIMQ,VK MIRAD UNIPO PreÅ¡ov vs. TJ SLÃVIA SvidnÃ­k,55
0,ceqgwo7U28Y,UCwkTfp14Sj7o6q9_8ADJpnA,ï¼£ï¼¨ï¼©ï¼¬ï¼¬ã€€ï¼²ï¼¡ï¼¤ï¼©ï¼¯ ï¼’ï¼”ï¼ï¼—,7804535
0,PoZTFacrAHo,UCst9GLZ-X47MxWBmx9cCrKA,My FAVOURITE FIFA Player Returns! (Packed Out #57) (FIFA 21 Ultimate Team),163422
0,KTZawdE-u_I,UCX33k1S7WbWAzl9fBDM3UfA,#Raymotoss Scooter à¤¸à¤¿à¤°à¥à¤« 6 à¤ªà¥ˆà¤¸à¥‡ à¤®à¥‡à¤‚ à¤à¤• à¤•à¤¿à¤²à¥‹à¤®à¥€à¤Ÿà¤° à¤”à¤° 6 à¤°à¥à¤ªà¤ à¤®à¥‡à¤‚ 100 à¤•à¤¿à¤²à¥‹à¤®à¥€à¤Ÿà¤° à¤šà¤²à¤¾à¤à¤‚ à¤Ÿà¥‡à¤‚à¤¶à¤¨ à¤«à¥à¤°à¥€à¥¤,4110
0,IOLIGjXZQ1E,UCk4bgav5X0rlbGefFnPcuoQ,ãƒãƒ¥ãƒ¼ãƒªãƒƒãƒ—ãƒ†ãƒ¬ãƒ“ã€€ãƒ©ã‚¤ãƒ–ã‚«ãƒ¡ãƒ©ã€€åŒ—ã‚¢ãƒ«ãƒ—ã‚¹ã€€ç«‹å±±å®¤å ‚,456093
0,rCZ0BXDtCR0,UCiWS-L9I037Fgm_TuEpWnxw,rank push and rush gameplay,62
0,ssgK8an8oJk,UCgaiUkHAOhG6ynlboA8YAaA,Batman vs. Teenage Mutant Ninja Turtles (2019) Trouble at Arkham Asylum with healthbars 1/3,29873
0,tL-XDF-FRYY,UCjD46rL47Dla8zba8zRikew,Ferdi Tayfur  - 3 Full AlbÃ¼m (1976) Uzelli,99071
0,gBMaSU5PNeo,UCX33k1S7WbWAzl9fBDM3UfA,"#à¤¡à¥‹à¤° à¤Ÿà¥‚ à¤¡à¥‹à¤° à¤¯à¥‹à¤œà¤¨à¤¾ à¤•à¥‡ à¤®à¤¾à¤§à¥à¤¯à¤® à¤¸à¥‡ à¤‡à¤¸ à¤¬à¤¾à¤° à¤…à¤šà¥à¤›à¥€ à¤†à¤à¤—à¥€ à¤°à¥ˆà¤‚à¤•à¤¿à¤‚à¤— - (Vijay Prakash) E in C, EDMC",81
0,XlQEdFlzQxo,UCMV-ojm4W9KVRGt_ihZIBIw,Miraculous Dolls &amp; Playset,457317
0,PIOla7e4DM4,UCMV-ojm4W9KVRGt_ihZIBIw,Miraculous Dolls &amp; Playset,544271
0,oiYJS7Mbfl4,UCqO8CUYvFN0NAAA1RUGizEw,African Ancestry Reveal-Paternal Results,584
0,VEAIVHthrhs,UC5gOAy4oRRiOXAt8qAVrF7w,Turkuvaz Romantik - CanlÄ± Radyo YayÄ±nÄ± - Online Radyo Dinle - Turkuvazradyolar.com,2669087
0,QOjmvL3e7Lc,UCbTLJi8lXWIt_d1AtRv4Nmw,Tokyo Live Camera Ch1[4K] æ±äº¬ æ±ç•™ é‰„é“ ãƒ©ã‚¤ãƒ–ã‚«ãƒ¡ãƒ©,11214545
0,ky973yLy5WI,UCNR3637rcTbRM7Wi4sG1nnQ,La Croce - Un film di Billy Graham,49
0,SN-E6bO0Te0,UCJhjE7wbdYAae1G25m0tHAA,WORK Cafe: Cozy January Jazz - Warm Winter Jazz &amp; Bossa Nova for Exquisite Mood,5985572
0,yw7fLeV7L3Y,UC-WGVHAIXEwolJVTbOPT0dA,à®ªà¯à®©à®¿à®¤à®®à®¾à®© à®…à®°à®šà®¿à®¯à®²à¯..à®à®©à¯à®©à®©à¯ à®¤à¯†à®°à®¿à®¯à¯à®®à®¾..?  | Anbu Magan | Sanghavi | Radha ravi,1615
0,att_FeFFL80,UCqtzBQxe3VXp2PYINhdf6aQ,Ripple CEO on XRP Event! SEC Lawsuit News,50584
0,9K7pwyZjyDM,UCst9GLZ-X47MxWBmx9cCrKA,"Packing A 2,000,000 Coins Icon! (Packed Out #49) (FIFA 21 Ultimate Team)",315912
0,5O6IoT5NPUo,UCWwfon60ed_j6-i5NFfiazw,U19 English Nationals Court 3,2196
0,7OnIT4ujd8Q,UC9lRSat3J2IhZ0_TOV-XNzA,Fortnite Creative Just Released a NEW Christmas Update!,86497
0,iN-qV8pdamY,UCst9GLZ-X47MxWBmx9cCrKA,Best NEW Winger For Our Team! *Alessandrini* (Packed Out #41) (FIFA 21 Ultimate Team),202181
0,AaHagpS9TJ4,UCst9GLZ-X47MxWBmx9cCrKA,I&#39;m Quitting FUT CHAMPS! (Packed Out #40) (FIFA 21 Ultimate Team),217607
0,7cftw8SGsIE,UCjVqBeWn9hH8p3O4P6uNJ3A,"Zoshi&#39;s Skyrim Adventures | Helping Esbern and Meeting Characters | #01 | 1440p60 | RPG, Fantasy",22
0,MN8p-Vrn6G0,UC9CYT9gSNLevX5ey2_6CK0Q,NDTV India Live TV: Arvind Kejriwal | BJP | Gujarat Election 2022 | Delhi MCD Election,454692266
0,gkd-v5haGF0,UCst9GLZ-X47MxWBmx9cCrKA,Completing The Promo Bellerin Objectives + Rewards! (Packed Out #39) (FIFA 21 Ultimate Team),193346
0,NnPe94TVzpg,UCkNqFmipBP-6HXp4PtJpTyA,Parafia PierÅ›ciec â€“ transmisja na Å¼ywo,1208
0,nqUZgqjRhnA,UCst9GLZ-X47MxWBmx9cCrKA,I Broke Cold War Zombies...,115157
0,6Irus3d5f0E,UCqY3gnYuuzONai4jUhnCv6g,NON STOP TECHNO RAVE RADIO 24/7 MIX,18475326
0,b6R9-7KZ8YM,UC25EuGAePOPvPrUA5cmu3dQ,Africanews franÃ§ais en direct - Info et actualitÃ©s en continu,2709642
0,V5pkxEK_dyQ,UCEU2FbTBYxAETGH4sqqzhPA,Childe is Very Strong &amp; Expensive | Week 1 of Testing Impressions | Genshin Impact Tartaglia Guide,106087
0,gTK5s0_uDkg,UCDfYcuNw-ff952Xn0VDWwDw,FNAF SECURITY BREACH HAS BEEN DELAYED - 2021 - IT IS WHAT IT IS,270278
0,1gNo51eEQnE,UCy_HunYzxAz77hyW_f3GGrA,JESTEÅšMY NA Å»YWO Z WOJANEM W MINECRAFT! *PRZECENY NA PALION STYLE*,81755
0,qokCPSooM1o,UCst9GLZ-X47MxWBmx9cCrKA,DOING A RED PICKS UPGRADE SBC! (Packed Out #27) (FIFA 21 Ultimate Team),322773
0,NQ0vd_NK3f4,UCCC5RYqXkm2l1WgPWPaiyXQ,Transmisja 24h ze ÅšwiÄ…tyni OpatrznoÅ›ci BoÅ¼ej,3419410
0,LwihxyJ4V20,UC1HDQ1Q5nVHYF8e7dL4E-pw,Zero Point Levi | Levi Ski Resort | Finland,24264245
0,HNp_uFmVEx8,UCst9GLZ-X47MxWBmx9cCrKA,Minecraft But It&#39;s Skateboarding... (Tony Hawk&#39;s Pro Skater 1+2),73919
0,LUBQJETUHcs,UCst9GLZ-X47MxWBmx9cCrKA,Winning My First FIFA 21 Draft + Red Picks! (Packed Out #24) (FIFA 21 Ultimate Team),341135
0,A0eZ8-hwivE,UC9lRSat3J2IhZ0_TOV-XNzA,We Built This in 2 Hrs in Fortnite Creative | Master Class,81035
0,cG4j99w2Uk4,UC28FPve5TtZ469khubfiAPw,MAKING AN AUTOMATIC MELON AND PUMPKIN FARM in Multiplayer Minecraft Survival (Ep. 38),68103
0,YBuWJA_v3uA,UC5eeDHYjTWF9pPWYDKpVMYQ,LIVE ESQUENTA - AOS POUCOS,3854
0,cYdsBXC7ZR8,UC8gbWbcNNyb5-NIXvFklkOA,"York Harbor Beach, Maine USA",1846337
0,X7FIpU0KzwQ,UCgRBRE1DUP2w7HTH9j_L4OQ,&quot;He&#39;s A Fighter!&quot; Medical Words That Hurt,149988
0,WmB1gTzyUlA,UCyNPmg4WRmmlmWyivFYOYaw,Svarer pÃ¥ spÃ¸rgsmÃ¥l LIVE!,16286
0,NF39Myy1NRE,UCGbexyIa0tgcHISmGjjPDww,goodbye CHARGE SHOTGUN... (New Fortnite Update),416627
0,t_puzK_wmGs,UCst9GLZ-X47MxWBmx9cCrKA,The CRAZIEST PACKED OUT Starter Pack! (Packed Out #2) (FIFA 21 Ultimate Team),696707
0,MwW_umUZhVM,UC9Z3ZrgSyFA75VQ5HpqSbtA,Lifeu Ishtene Propose scene | Krish Sounds,54468
0,XHZtSGbobVw,UCi4EwScq8ddaYz7guk1K50g,10 Years Anniversary | Haileybury Almaty history,2351
0,gcw_qD1wsBA,UC9Z3ZrgSyFA75VQ5HpqSbtA,Sakkath Comedy Scene Kalla Malla Sulla,2827
0,YF9c6pNO_gA,UC9Z3ZrgSyFA75VQ5HpqSbtA,Sakkath Comedy Scene,14803
0,7TLqwPWuQOk,UC9Z3ZrgSyFA75VQ5HpqSbtA,Kalla Malla Sulla | Rakachika Chill Madu Song,20311
0,53AV93tR8Nk,UC9Z3ZrgSyFA75VQ5HpqSbtA,Masth Comedy By Ninasam Sathis &amp; Diganth | Lifeu Istene,53643
0,CUS68O-sePk,UCtPzSUuFFHQZr-Cv7YRr2Fg,A Human Rights Activist who Publicized the Issue of FGM to the World - Waris Dirie,1026
0,ohOYkqCLqts,UCfmHEUaH2TWjvo3tLMMGBNw,PIDO - Face My Fears (Best Drops Ever Release),127518
0,NyDGachyx_o,UCLHjm8fbeftCsy6BzuKh2hw,FULL SHOW: SIMPLE SESSION 19: SKATE QUALIFIERS | REPLAY,1051601
0,XEJM4Hcgd3M,UC9TDTjbOjFB9jADmPhSAPsw,NTV - CanlÄ± YayÄ±n á´´á´°,264670758
0,JJs_O-P4yGs,UCfa41rAPcoJPO5aVb0Bd9Aw,Jeena Tu  I  Sekel Jeet  I  Official Music Video   I  New Hindi Christian Worship Song,754267
0,MZnR-bb4fpk,UCst9GLZ-X47MxWBmx9cCrKA,BIGGEST MINIGOLF ROLLERCOASTER EVER! (Golf It),121686
0,coYw-eVU0Ks,UCGCZAYq5Xxojl_tSXcVJhiQ,JapaNews24 ï½æ—¥æœ¬ã®ãƒ‹ãƒ¥ãƒ¼ã‚¹ã‚’24æ™‚é–“é…ä¿¡,158907819
0,OUHZm-SJL4s,UCquZY3GHBO9tyuVXaDfQErw,Radhika &amp; Naga Siddharth Love Scene || Maa Abbayi Engineering Student Movie || Ahuthi,141
0,YdFJJaWK_W4,UCqheS9rd4_nojHk3H-FR2XQ,Destiny: Amazing Rare Weapons #1 - The Sidewinder Mk.53 Shotgun (PvP) Better Than Felwinter&#39;s Lie?,82119
0,xYkGcP7flRU,UCn570qcYPpXz045Oeg0yQGQ,BARDERO$ â€¢ PENSAR EN VOLVER,1416660
0,L_dhO6d8e6I,UCn570qcYPpXz045Oeg0yQGQ,BARDERO$ â€¢ OLVIDO,5133414
0,296DTEnkYsw,UCq0u12Wsjeo3mw0f5jhFvIQ,Tarbiyah online madrasah | Professor Mokhter Ahmad,3401
0,OS9FhcLGYfA,UCst9GLZ-X47MxWBmx9cCrKA,BEST Future Stars Pack Opening On YouTube? (FIFA 21 Pack Opening),268814
0,l4zT_c8iKZQ,UCTUO_3bYr50vmH0aE7byMjg,4 tricks that really shouldn&#39;t work,112694
0,B4NymkobX1U,UCzwJlXggvorZSvyWwZJ497w,Fortnite Just *CHANGED* Performance Mode! (Season 5),95767
0,tqhQ8uZdvV8,UC8YFOP87ktce_6EqAmtzOqQ,Hex Shank Firewood Drill Bit,103934
0,-qBoLGyajoE,UCiWS-L9I037Fgm_TuEpWnxw,WWE,91
0,TrVB_v6VB8I,UC8YFOP87ktce_6EqAmtzOqQ,Metal Repair Gel | Metal Repair Without Welding,308572
0,vOXPmnsIDOs,UCCulBqyfLn6QRCidgJAq5OQ,Babybel - Les forces du bon - 15s,226040
0,4O2-Zn_blWY,UCv85ztzgf_z_fsZ3LnAr-aA,âœ…ĞšĞ£ĞŸĞ˜Ğ› Ğ¡Ğ¢ĞĞ Ğ«Ğ™ Ğ£Ğ ĞĞ› Ğ¸ ĞŸĞĞ•Ğ¥ĞĞ› ĞŸĞ Ğ“ĞĞ ĞĞœ Ğ’ EURO TRUCK SIMULATOR 2 !!!,43
0,w5OLAJvqGjo,UCX33k1S7WbWAzl9fBDM3UfA,à¤¦à¤¿à¤²à¥à¤²à¥€ à¤ªà¥à¤²à¤¿à¤¸ à¤®à¤¹à¤¾à¤¸à¤‚à¤˜ à¤•à¥€ à¤°à¥ˆà¤²à¥€ !! director kamal chaudhary !! 9873565020,195
0,yE7nLnmm8o8,UCVryAb6wDVmvtBooYh9JIMQ,VK MIRAD UNIPO PreÅ¡ov vs. TJ SLÃVIA SvidnÃ­k,55
0,ceqgwo7U28Y,UCwkTfp14Sj7o6q9_8ADJpnA,ï¼£ï¼¨ï¼©ï¼¬ï¼¬ã€€ï¼²ï¼¡ï¼¤ï¼©ï¼¯ ï¼’ï¼”ï¼ï¼—,7804535
0,U4aGZGCrfSg,UCX33k1S7WbWAzl9fBDM3UfA,à¤—à¤£à¤¤à¤‚à¤¤à¥à¤° à¤¦à¤¿à¤µà¤¸ à¤•à¥‡ à¤®à¥Œà¤•à¥‡ à¤ªà¤° à¤¨à¤¿à¤—à¤® à¤ªà¤¾à¤°à¥à¤·à¤¦ à¤•à¥.à¤°à¤¿à¤¨à¥à¤•à¥‚ à¤¨à¥‡ à¤¨à¤¿à¤•à¤¾à¤²à¥€ à¤µà¤¿à¤¶à¤¾à¤² à¤¤à¤¿à¤°à¤‚à¤—à¤¾ à¤¯à¤¾à¤¤à¥à¤°à¤¾à¥¤,72
0,PoZTFacrAHo,UCst9GLZ-X47MxWBmx9cCrKA,My FAVOURITE FIFA Player Returns! (Packed Out #57) (FIFA 21 Ultimate Team),163422
0,KTZawdE-u_I,UCX33k1S7WbWAzl9fBDM3UfA,#Raymotoss Scooter à¤¸à¤¿à¤°à¥à¤« 6 à¤ªà¥ˆà¤¸à¥‡ à¤®à¥‡à¤‚ à¤à¤• à¤•à¤¿à¤²à¥‹à¤®à¥€à¤Ÿà¤° à¤”à¤° 6 à¤°à¥à¤ªà¤ à¤®à¥‡à¤‚ 100 à¤•à¤¿à¤²à¥‹à¤®à¥€à¤Ÿà¤° à¤šà¤²à¤¾à¤à¤‚ à¤Ÿà¥‡à¤‚à¤¶à¤¨ à¤«à¥à¤°à¥€à¥¤,4110
0,IOLIGjXZQ1E,UCk4bgav5X0rlbGefFnPcuoQ,ãƒãƒ¥ãƒ¼ãƒªãƒƒãƒ—ãƒ†ãƒ¬ãƒ“ã€€ãƒ©ã‚¤ãƒ–ã‚«ãƒ¡ãƒ©ã€€åŒ—ã‚¢ãƒ«ãƒ—ã‚¹ã€€ç«‹å±±å®¤å ‚,456093
0,rCZ0BXDtCR0,UCiWS-L9I037Fgm_TuEpWnxw,rank push and rush gameplay,62
0,Gzj8WhyH2Sg,UCBcW1jAsEnkjq9gQ7tuOhsQ,Nuuk Airport South,9079088
0,ssgK8an8oJk,UCgaiUkHAOhG6ynlboA8YAaA,Batman vs. Teenage Mutant Ninja Turtles (2019) Trouble at Arkham Asylum with healthbars 1/3,29873
0,mwXs_Cdag-M,UCL0OmWcRHJhUWpWcbV61wmQ,carolesdaughter - violent,49
0,tL-XDF-FRYY,UCjD46rL47Dla8zba8zRikew,Ferdi Tayfur  - 3 Full AlbÃ¼m (1976) Uzelli,99071
0,gBMaSU5PNeo,UCX33k1S7WbWAzl9fBDM3UfA,"#à¤¡à¥‹à¤° à¤Ÿà¥‚ à¤¡à¥‹à¤° à¤¯à¥‹à¤œà¤¨à¤¾ à¤•à¥‡ à¤®à¤¾à¤§à¥à¤¯à¤® à¤¸à¥‡ à¤‡à¤¸ à¤¬à¤¾à¤° à¤…à¤šà¥à¤›à¥€ à¤†à¤à¤—à¥€ à¤°à¥ˆà¤‚à¤•à¤¿à¤‚à¤— - (Vijay Prakash) E in C, EDMC",81
0,RHY9hVrBPOE,UCYQNDHBB3Lcjpyt1poOXCDw,BLITZ - PRIME ROCK BRASIL 2022 - AO VIVO,502
0,XlQEdFlzQxo,UCMV-ojm4W9KVRGt_ihZIBIw,Miraculous Dolls &amp; Playset,457317
0,PIOla7e4DM4,UCMV-ojm4W9KVRGt_ihZIBIw,Miraculous Dolls &amp; Playset,544271
0,CkNeltsc5ps,UC_FuR9GFVJE2A8H02sQmHWw,Assisi Live Stream,2266413
0,Z6VU4kIaSLw,UCc0zdEMfSdyI19JGtuHiIzA,Mega survival (EP2) RE-UPLOAD,30
0,a9ssm9WvxSo,UCiWS-L9I037Fgm_TuEpWnxw,STRICTLY 17+ PHONE COMING SOON || PUBG MOBILE || RYZENGAMER07 ||,75
0,x4pnlCJyGtM,UCq0u12Wsjeo3mw0f5jhFvIQ,à¦‡à¦¸à¦²à¦¾à¦®à¦•à§‡ à¦†à¦®à¦°à¦¾ à¦•à¦¤à¦Ÿà¦¾ à¦œà¦¾à¦¨à¦¿? | Dr. Muhammad Ibrahim | à¦šà§‹à¦–à§‡ à¦†à¦™à§à¦² à¦¦à¦¿à¦¯à¦¼à§‡ à¦¦à§‡à¦–à¦¿à¦¯à¦¼à§‡ à¦¦à¦¿à¦²à§‡à¦¨,1344
0,8SZ_j_Yy2Xg,UCLYCzbovV_6rdtfsqEjc5UA,GRILLED MEAT BY GEORGY KAVKAZ,415269
0,V2Ft0a9Z7EU,UC9oe23VbpTHC_PKtOXUmwig,oi oi oi [Bakugou]ã‚·ï¸(et autres),1250
0,BLos5iO9T4M,UCei6vZyHkChmcxxMZNN6pgg,Moise jean charles tranble peyi a ak deklarsyon sa,160
0,oiYJS7Mbfl4,UCqO8CUYvFN0NAAA1RUGizEw,African Ancestry Reveal-Paternal Results,584
0,aB_pCB272FI,UCQMvoaftIlXh-zrSrOEQTYA,"FIFA 21 | AC MILAN WINTER REFRESH RATINGS PREDICTIONS!! FT. IBRAHIMOVIC, DONNARUMMA ETC... (FIFA 21)",68538
0,VEAIVHthrhs,UC5gOAy4oRRiOXAt8qAVrF7w,Turkuvaz Romantik - CanlÄ± Radyo YayÄ±nÄ± - Online Radyo Dinle - Turkuvazradyolar.com,2669087
0,QOjmvL3e7Lc,UCbTLJi8lXWIt_d1AtRv4Nmw,Tokyo Live Camera Ch1[4K] æ±äº¬ æ±ç•™ é‰„é“ ãƒ©ã‚¤ãƒ–ã‚«ãƒ¡ãƒ©,11214545
0,pAuig6aVFG8,UCaVd7UgrIMaj9nzS0chJKXQ,g.......a.........,19
0,ky973yLy5WI,UCNR3637rcTbRM7Wi4sG1nnQ,La Croce - Un film di Billy Graham,49
0,TgfKa5FR2U0,UCc9lc8DNwupget_eYxpaffA,DRAW MY LIFE - DAL SOGNO ALLA REALTÃ€,2145
0,SN-E6bO0Te0,UCJhjE7wbdYAae1G25m0tHAA,WORK Cafe: Cozy January Jazz - Warm Winter Jazz &amp; Bossa Nova for Exquisite Mood,5985572
0,yw7fLeV7L3Y,UC-WGVHAIXEwolJVTbOPT0dA,à®ªà¯à®©à®¿à®¤à®®à®¾à®© à®…à®°à®šà®¿à®¯à®²à¯..à®à®©à¯à®©à®©à¯ à®¤à¯†à®°à®¿à®¯à¯à®®à®¾..?  | Anbu Magan | Sanghavi | Radha ravi,1615
0,WtCfe1-YGes,UCa9ZDAkIZdsueFgotMzzkfA,MaestrÃ­a en AnimaciÃ³n Digital 3D y PostproducciÃ³n Universidad Campus en LÃ­nea || EducaciÃ³n Online,71207
0,AinAZQgQp_s,UCkW_baVbq6aGPWeYY4hOPCA,ã€LIVEã€‘ä»™å°é§…å‰ã®æ§˜å­ã€€ã€€ã€€ã€€ã€€ã€€ã€€ã€€ã€€ã€€ã€€ã€€ã€€ã€€ã€€ã€€ã€€ã€€ã€€ã€€ã€€ã€€ã€€ã€€ã€€ã€€ã€€ã€€ã€€ã€€ã€LIVEã€‘çªæ’ƒï¼ãƒŠãƒã‚¤ã‚­TVã€Œãƒ‡ãƒ‘ã‚¹ãƒ‘ä¸€ç•ªã®ã‚Šï¼ã€åŒæ™‚é…ä¿¡ï¼ˆæ¯é€±æœˆï½é‡‘åˆå‰10æ™‚é ƒï¼‰,1889826
0,att_FeFFL80,UCqtzBQxe3VXp2PYINhdf6aQ,Ripple CEO on XRP Event! SEC Lawsuit News,50584
0,JJqXeRFsLjE,UC_pPFW2jn1pUT1O5D1m3brg,KC Zoo Penguin Cam 4K,6672352
0,5O6IoT5NPUo,UCWwfon60ed_j6-i5NFfiazw,U19 English Nationals Court 3,2196
0,pvjRNxwyg-o,UCst9GLZ-X47MxWBmx9cCrKA,Getting A RECORD BREAKER From Objectives! (Packed Out #42) (FIFA 21 Ultimate Team),195207
0,7cftw8SGsIE,UCjVqBeWn9hH8p3O4P6uNJ3A,"Zoshi&#39;s Skyrim Adventures | Helping Esbern and Meeting Characters | #01 | 1440p60 | RPG, Fantasy",22
0,MN8p-Vrn6G0,UC9CYT9gSNLevX5ey2_6CK0Q,NDTV India Live TV: Arvind Kejriwal | BJP | Gujarat Election 2022 | Delhi MCD Election,454692266
0,NnPe94TVzpg,UCkNqFmipBP-6HXp4PtJpTyA,Parafia PierÅ›ciec â€“ transmisja na Å¼ywo,1209
0,eB3pHyo3w4k,UCn570qcYPpXz045Oeg0yQGQ,Bardero$ - Feat Beltran 3K â€¢ Blow (Prod. by @Noflagprod),6156709
0,YIv9BPDXNF8,UCMV-ojm4W9KVRGt_ihZIBIw,Tamagotchi Pix- 1 click and the fun begins!,243166
0,wrYF0HX7Kzc,UCcHWhgSsMBemnyLhg6GL1vA,ç¶²è·¯æµè¡ŒéŸ³æ¨‚é›»å° | Chinese POP Musicâ¨24/7,5648971
0,dPni7Icpl7U,UCst9GLZ-X47MxWBmx9cCrKA,The Worst Hostage EVER In GTA 5 RP!,67203
0,1vekn9o8XYM,UCdKdmvjGSkT5CJlZGamPaYQ,"TIK TOKERS RELIGIOSOS, PARA QUE TA FEIO!!!! ğŸ™„ğŸ™„ | KlÃ©bio Damas",289504
0,n3a92qpA97A,UC-pY4F9AcDkc9iIwNdz9ssw,Jadid Ahidouss MELLAB : GROUPE Assagm _ Tarwa N Idurar _ Groupe Tarula &quot; #DONIYTE&quot;Ø§Ø­ÙŠØ¯ÙˆØ³ Ù…Ù„Ø¹Ø¨,7084
0,XUpWFm10NFA,UC9lRSat3J2IhZ0_TOV-XNzA,We FINALLY Got these AWESOME Items in Fortnite Creative!,155280
0,PWHHAlc6KXM,UCqznv6zaRt1HEbUboOrP7Pw,ÙŠÙˆØ³Ù Ø§Ù„Ø´Ù‡Ø±ÙŠ - ØªÙ…Ù„ÙƒØªÙ†ÙŠ (Ø­ØµØ±ÙŠØ§Ù‹) | 2021,624169
0,pJRhw62VBh8,UCX33k1S7WbWAzl9fBDM3UfA,75à¤µà¥€à¤‚ à¤µà¤°à¥à¤·à¤—à¤¾à¤‚à¤  à¤¬à¤¡à¤¼à¥€ à¤§à¥‚à¤®à¤§à¤¾à¤® à¤¸à¥‡ à¤†à¤ª à¤¨à¥‡à¤¤à¤¾à¤“à¤‚ à¤¨à¥‡ à¤§à¥à¤µà¤œà¤¾à¤°à¥‹à¤¹à¤£ à¤ªà¤‚à¤¡à¤¿à¤¤ à¤¸à¤¤à¥à¤¯à¤¨à¤¾à¤°à¤¾à¤¯à¤£ à¤­à¤µà¤¨ à¤ªà¤° à¤•à¤¿à¤¯à¤¾ à¤—à¤¯à¤¾à¥¤,136
0,j7c2YHxNZUs,UCst9GLZ-X47MxWBmx9cCrKA,SIDEMEN &amp; AITCH PLAY BACK 4 BLOOD (Back 4 Blood Open Beta),68583
0,Z-Nwo-ypKtM,UCO6K_kkdP-lnSCiO3tPx7WA,"franceinfo - DIRECT TV - actualitÃ© france et monde, interviews, documentaires et analyses",40417798
0,cJW-NZ4T-jE,UCo9SHuk_pHIEO_LUN284djg,CLEAN Silver Jewellery FAST,173121
0,q79ZYotfzoY,UC18P2jZqlz90I7I69ifQhzQ,Como Lapidar na resina (Raposa) - #shorts,1403
0,Ys9cYpPhyFE,UCMV-ojm4W9KVRGt_ihZIBIw,Vlad &amp; Niki Playset TVC,555638
0,uvtUS_J409k,UC2TKu3Ayvol_a-Wsi5dB7UQ,"How to Distinguish Pro, Amateur, Beginner Drivers",121218
0,BpIpGNXvmU8,UCst9GLZ-X47MxWBmx9cCrKA,"Driving A $700,000 Bentley In GTA 5 RP!",124172
0,cunJUKtP3Cg,UC8YFOP87ktce_6EqAmtzOqQ,How to Use Hot melt Water Stop Pin 2021,6962304
0,4XvFhks5ARg,UCTUO_3bYr50vmH0aE7byMjg,"If you know these tricks, you are a genius",213465
0,NgRgwVbUstk,UCst9GLZ-X47MxWBmx9cCrKA,xQc Fights Against The Police In GTA 5 RP!,91622
0,AIaFGFONUGQ,UC9lRSat3J2IhZ0_TOV-XNzA,I Broke the NEW Fortnite Update!,116550
0,xHZBCYMyg2A,UC53flicePn0xri-jiq89WtQ,Top 12 Clever and Stunning Cupcakes | Fun and Creative Cupcake Decorating Ideas | Yummy Cookies,654941
0,OqhJBZDeY1k,UC8YFOP87ktce_6EqAmtzOqQ,Self Locking Cable Ties VS One Time Cable Tile,10247477
0,2qq4n6pX9Yc,UCLVQ7EjP5H9NxoYZlL5f4qg,When Karen won&#39;t stop cursing on National TV ( Roblox Brookhaven RP ),149349
0,8sAvq1zPHUc,UCst9GLZ-X47MxWBmx9cCrKA,Prank Goes Incredibly Wrong In GTA 5 RP!,132727
0,7H-6gBSAu4o,UCza48nR27_AEYbIbwMCOoFQ,Leavenworth Washington Live Webcam from Rhein Haus,1959877
0,Fgm9UAzdzQY,UCqSYig9Cmx6DJ3XaUYg4vpw,Global Prayer Stream | Live 24/7 Worship with Prayer | IHOPKC,5951880
0,GCrnGqmjmNo,UCIGcNlKQTDKyL7aZoqbR4bw,Riddle Defeats Bald Man #Shorts,1551002
0,mhJRzQsLZGg,UCSUu1lih2RifWkKtDOJdsBA,Starbase Live: 24/7 Starship &amp; Super Heavy Development From SpaceX&#39;s Boca Chica Facility,34941901
0,VL1_qJflRso,UCskIKQGpjI5sG2ZLtWLYSmw,"[4K ì„¸ë¡œì§ìº ] ì„œìª½í•˜ëŠ˜ (ì˜íƒ, ê¹€í¬ì¬, ì •ë™ì›, ì„±ì‹œê²½) ğŸ’™ì‚¬ë‘ì˜ ì½œì„¼íƒ€ 62í™”ğŸ’™ë¬´í¸ì§‘ ì´ˆê³ í™”ì§ˆ ì„¸ë¡œì§ìº ",24586
0,76na4DtioQQ,UCykEgVtc-8xO9klFZmBXwtA,í¬ì¼“ëª¬ê³  7ì›” ì¼ì • / ì´ë¶„ìš”ì•½,315
0,mYMAILL7d10,UCst9GLZ-X47MxWBmx9cCrKA,Police INTERCEPTOR Tries To Stop Us From Racing In GTA 5 RP!,154846
0,oe0O7ZiOwng,UCBAH8xev5DgFeKxf9JU2rNA,SEJAM BEM VINDAS(OS) AO CANAL | #anynhapink ğŸ€,115
0,nCf7X2cPDAY,UCzkaQrI9-nSv373EvK5p0SQ,Lighthouse Cam,2729374
0,2C2WCLhDsR4,UC38IlqMxZ_YtFg3eSGmmJnQ,[LIVE] YTN 24ì‹œê°„ ë‰´ìŠ¤ ìƒë°©ì†¡ï½œ YTN dmb,9653217
0,kgx4WGK0oNU,UC84whx2xxsiA1gXHXXqKGOA,jazz/lofi hip hop radioğŸŒ±chill beats to relax/study to [LIVE 24/7],15253568
0,BoA2ZBiGVw8,UC8YFOP87ktce_6EqAmtzOqQ,Tile Grout Filling Helper Demo 2021 - Does it Workï¼Ÿ,7624873
0,QLwhD3LwEmA,UCst9GLZ-X47MxWBmx9cCrKA,Prison Olympics In GTA 5 RP!,162341
0,9UMxZofMNbA,UChs0pSaEoNLV4mevBFGaoKA,"Chillout Lounge - Calm &amp; Relaxing Background Music | Study, Work, Sleep, Meditation, Chill",29052361
0,X-WqZmq6YKQ,UClH3eUwzfDTXxUjM8WIJuOg,"sunny days in london | hanging w/ friends, reading, back at home ğŸŒ",102689
0,dKpdU3ASExw,UCst9GLZ-X47MxWBmx9cCrKA,When Racing Goes Completely Wrong In GTA 5 RP!,207264
0,tbtEbqrumD4,UC5meRCEfnem7_z0O-PSNJsw,ğŸ”´ LIVE GOLDEN TEMPLE HAZURI RAGI AMRITSAR | LIVE DARBAR SAHIB HAZURI RAGI,7158122
0,DxNdpuYVKcE,UCfhenImJCBOm3WZOOiUKfWg,×××™×¨ ××™×’×™×” ××œ×œ×™× ×• ×©×‘ ××‘×œ ××• ××©×—×§ ×¤×•×¨×˜× ×™×ª,26
0,W9NyVYHtrIU,UCNApqoVYJbYSrni4YsbXzyQ,Top Tollywood Hits | Telugu Latest  Hits | Aditya Music 24x7 live Music,22670619
0,G3KsFO7GCR0,UCgaiUkHAOhG6ynlboA8YAaA,Despicable Me (2010) Final Battle with healthbars,613227
0,BUpwLbMntjg,UCHDe6fMvgoCeVE9bdDnIXCw,"300/Best scene/Zack Snyder/Gerard Butler/Leonidas, King of Sparta",2314
0,DVwq_vaKGtA,UCst9GLZ-X47MxWBmx9cCrKA,"xQc Shows Me His New $1,000,000 Lambo in GTA 5 RP",215226
0,aef2MCj9EB0,UCX33k1S7WbWAzl9fBDM3UfA,Satpal dosa ki hit ragni | satpal dosa ko shradhanjali | dehati ragni | 9873565020,834
0,hs379lua3gY,UC9lRSat3J2IhZ0_TOV-XNzA,Big Update Tomorrow?!,159562
0,I7cWQMxvBg8,UC8YFOP87ktce_6EqAmtzOqQ,Magnetic Anti Slip Drill Bit,8319404
0,79OJZbCnqCE,UCQrWS87-KWTTEpEl7sp_KjA,Alguien ha cobrado por escribir esto - Caith Clips,9966
0,z8TUNvRs1KU,UCTUO_3bYr50vmH0aE7byMjg,Icefrog doesn&#39;t want you to know this,190248
0,qV3rmYKnsTc,UCSn0_ckKBvHeZLokQjjVXww,GTA 5 ONLINE ğŸ· MEGA RAMPE PERICOLOSE !!!ğŸ· GARE STUNT ğŸ·N*170ğŸ· GTA 5 ITA ğŸ· DAJE !!!,193266
